,LSOA21CD,imd25_rank,led25_rank,imd19_score,led19_score,grid_id,train_test
0,E01000001,26525,244,6.208,31.873,10,test
1,E01000002,31203,3702,5.143,23.084,10,test
2,E01000003,25913,4540,19.402,40.535,10,test
3,E01000005,14807,5403,28.652,28.979,9,train
4,E01000006,10917,9479,19.837,26.888,14,train
5,E01000007,5377,13172,31.576,25.995,14,train
6,E01000008,4400,12457,37.596,30.233,14,train
7,E01000009,4812,3118,32.844,28.601,14,train
8,E01000011,5535,1226,30.679,39.857,14,train
9,E01000012,5278,10579,34.714,36.881,14,train
10,E01000013,7410,9239,38.997,30.424,18,train
11,E01000014,9243,10503,35.67,25.122,18,train
12,E01000015,8120,15760,33.632,25.696,18,train
13,E01000016,10202,14906,32.839,24.95,18,train
14,E01000017,7452,12607,39.004,27.688,18,train
15,E01000018,8300,16806,33.406,25.659,18,train
16,E01000019,7965,15090,33.62,26.826,18,train
17,E01000020,8264,11334,36.035,30.078,18,train
18,E01000021,5192,7499,38.888,44.214,18,train
19,E01000022,8043,16522,34.413,30.435,18,train
20,E01000024,8426,11190,29.339,29.869,18,train
21,E01000025,8359,11891,36.702,28.042,18,train
22,E01000027,6841,20382,37.347,20.329,18,train
23,E01000028,6021,21166,40.078,16.282,18,train
24,E01000029,15432,12628,22.503,21.974,18,train
25,E01000030,6345,15351,38.415,20.993,18,train
26,E01000031,13927,9636,22.672,27.703,18,train
27,E01000032,10040,10586,29.958,38.369,18,train
28,E01000033,6743,15367,37.978,21.763,18,train
29,E01000034,8994,23718,35.895,18.01,18,train
30,E01000035,8514,11097,26.175,23.071,18,train
31,E01000036,10874,8173,19.27,27.612,18,train
32,E01000037,16580,19709,17.988,19.057,18,train
33,E01000038,16728,14678,19.646,27.001,18,train
34,E01000039,17151,24502,22.288,17.527,18,train
35,E01000040,5208,6235,34.608,29.323,14,train
36,E01000041,10397,11142,33.173,33.127,18,train
37,E01000042,4753,13981,41.573,24.75,18,train
38,E01000043,9631,6723,28.075,33.853,14,train
39,E01000044,7562,2430,28.389,44.13,14,train
40,E01000045,6387,7659,35.688,35.245,18,train
41,E01000046,9497,14190,29.763,30.26,18,train
42,E01000049,5459,2020,41.172,26.588,14,train
43,E01000050,7897,5522,34.701,36.588,14,train
44,E01000051,7571,10529,36.941,27.521,14,train
45,E01000052,6208,2701,33.284,38.532,14,train
46,E01000053,6763,10796,40.044,26.503,18,train
47,E01000054,9055,14406,29.788,31.481,18,train
48,E01000055,8945,11738,30.898,29.369,18,train
49,E01000056,4599,15858,35.903,23.506,18,train
50,E01000057,8843,10088,32.887,30.046,18,train
51,E01000058,8503,16406,31.763,27.809,18,train
52,E01000059,9848,16341,32.331,32.699,18,train
53,E01000060,7035,8489,36.154,24.729,18,train
54,E01000061,1545,8765,46.283,15.967,18,train
55,E01000062,10394,11691,26.669,20.153,18,train
56,E01000063,10883,12140,33.371,35.452,18,train
57,E01000064,7649,14916,35.283,34.175,18,train
58,E01000065,5811,10036,39.89,29.31,18,train
59,E01000066,13708,14599,25.763,17.916,18,train
60,E01000067,11472,7859,20.973,21.711,18,train
61,E01000068,12348,11102,25.603,31.382,14,train
62,E01000069,18866,17063,16.375,28.36,14,train
63,E01000070,12968,7399,21.038,27.639,14,train
64,E01000071,13366,13867,18.848,22.064,14,train
65,E01000072,5523,6898,41.016,30.082,18,train
66,E01000073,8025,10492,38.757,23.636,18,train
67,E01000074,8640,9762,35.044,22.806,18,train
68,E01000075,10481,8544,36.999,39.815,18,train
69,E01000076,8315,10215,36.246,27.02,18,train
70,E01000077,6646,7518,41.032,35.02,18,train
71,E01000078,7165,8071,35.033,33.091,18,train
72,E01000079,9422,16120,34.522,29.325,18,train
73,E01000080,9673,13664,33.185,24.492,18,train
74,E01000081,11202,14652,30.608,32.758,18,train
75,E01000082,8446,12681,27.895,30.006,18,train
76,E01000083,6814,6881,34.377,35.395,18,train
77,E01000084,6644,7941,39.815,28.534,18,train
78,E01000085,5699,6777,35.154,32.465,18,train
79,E01000086,6870,12202,38.156,26.281,18,train
80,E01000087,7092,6133,34.357,31.357,18,train
81,E01000088,9752,12320,28.849,34.525,18,train
82,E01000089,8110,16650,28.968,40.955,18,train
83,E01000090,8847,20237,28.317,29.464,18,train
84,E01000091,4644,15324,42.183,23.563,18,train
85,E01000093,3999,10007,46.922,43.57,18,train
86,E01000094,12032,19946,28.182,20.692,18,train
87,E01000095,6862,15586,32.254,18.657,18,train
88,E01000096,6611,15095,40.926,29.982,18,train
89,E01000097,7385,9785,38.009,28.566,18,train
90,E01000098,5725,6652,39.405,28.673,18,train
91,E01000099,11925,21995,29.266,26.795,18,train
92,E01000100,9927,15315,31.83,38.207,18,train
93,E01000101,6585,10463,40.463,37.223,18,train
94,E01000102,6771,10747,42.631,33.8,18,train
95,E01000103,10456,19583,32.894,20.068,18,train
96,E01000104,6517,12897,34.672,18.066,18,train
97,E01000105,4451,15361,44.149,25.589,18,train
98,E01000106,3580,14516,43.523,26.265,18,train
99,E01000107,12519,18693,28.332,22.813,18,train
100,E01000108,9311,9835,28.166,35.136,18,train
101,E01000110,16154,10784,17.741,20.544,18,train
102,E01000111,9532,8239,28.903,26.789,18,train
103,E01000112,10982,9157,24.743,40.766,18,train
104,E01000113,8791,4513,25.268,26.945,18,train
105,E01000114,9786,6953,23.288,34.274,18,train
106,E01000115,30546,14505,6.227,18.838,11,train
107,E01000116,25568,9576,7.79,18.248,11,train
108,E01000117,25250,15826,9.642,17.66,11,train
109,E01000118,23486,11052,9.812,16.261,11,train
110,E01000119,27394,16272,11.589,21.949,11,train
111,E01000120,29768,15972,5.902,14.872,11,train
112,E01000121,8255,20589,36.203,13.339,11,train
113,E01000122,26263,12463,10.152,21.817,11,train
114,E01000123,18894,9692,11.048,15.659,11,train
115,E01000124,11873,7801,23.589,20.768,11,train
116,E01000126,6096,19324,33.625,24.433,6,train
117,E01000127,8055,15116,27.543,22.92,6,train
118,E01000128,8961,8666,27.055,27.146,6,train
119,E01000129,3668,7846,31.0,25.543,6,train
120,E01000130,9376,14461,30.863,35.288,6,train
121,E01000131,12031,9031,20.904,20.979,6,train
122,E01000132,7980,11752,25.53,25.837,6,train
123,E01000133,7811,13190,30.774,26.72,6,train
124,E01000134,10065,12692,24.669,27.225,6,train
125,E01000135,23144,9820,12.523,33.536,10,test
126,E01000136,25507,3718,8.96,36.198,10,test
127,E01000137,7934,16716,28.786,22.835,10,test
128,E01000138,8092,5961,27.86,31.895,6,train
129,E01000139,17259,2351,12.388,29.28,10,test
130,E01000140,17297,9234,16.817,30.341,10,test
131,E01000141,4170,1024,28.797,52.22,6,train
132,E01000142,9739,12612,16.669,28.68,6,train
133,E01000143,7234,12257,31.342,19.252,6,train
134,E01000144,11364,6356,18.338,29.17,10,test
135,E01000145,12393,5143,14.626,32.598,6,train
136,E01000146,10219,4121,18.538,29.849,10,test
137,E01000147,14403,7807,12.786,33.415,6,train
138,E01000150,11057,13484,15.583,33.545,6,train
139,E01000151,2331,11008,38.897,19.735,6,train
140,E01000152,14739,16308,32.418,16.001,6,train
141,E01000153,6211,14448,41.649,18.106,6,train
142,E01000154,8072,16919,32.667,22.744,6,train
143,E01000156,22937,10399,8.319,19.997,10,test
144,E01000157,16817,9121,12.655,32.014,10,test
145,E01000158,16312,6565,19.721,31.142,11,train
146,E01000159,19763,7812,16.257,17.393,11,train
147,E01000160,17253,11636,12.121,26.093,11,train
148,E01000161,12075,9032,14.513,20.014,11,train
149,E01000162,15020,6122,18.504,27.187,11,train
150,E01000163,6827,14172,28.541,21.987,10,test
151,E01000164,6291,7540,25.331,28.698,10,test
152,E01000165,17435,17065,13.258,16.048,11,train
153,E01000166,16226,21605,14.861,13.626,11,train
154,E01000167,8818,19314,28.35,18.27,11,train
155,E01000168,30038,19486,6.975,21.5,11,train
156,E01000169,20384,9543,13.226,25.647,11,train
157,E01000170,13655,8085,20.384,25.376,11,train
158,E01000171,6645,11536,24.261,33.967,11,train
159,E01000172,26429,10113,8.421,25.96,11,train
160,E01000173,22614,7383,9.709,23.152,11,train
161,E01000174,11343,5336,16.271,29.971,11,train
162,E01000175,28185,14023,7.614,15.768,11,train
163,E01000176,8191,15250,30.549,17.867,10,test
164,E01000177,22043,2286,8.263,29.925,10,test
165,E01000178,21494,4298,8.055,23.749,10,test
166,E01000179,22508,10307,8.467,19.606,10,test
167,E01000180,13873,9400,14.555,19.421,10,test
168,E01000181,24222,1819,8.204,29.674,10,test
169,E01000182,24648,3201,8.01,37.424,10,test
170,E01000183,24705,8469,10.613,20.769,10,test
171,E01000184,7094,8615,31.921,35.661,10,test
172,E01000185,7824,8450,25.824,19.475,10,test
173,E01000186,27074,18524,5.195,18.927,7,train
174,E01000187,13592,14757,13.015,14.508,7,train
175,E01000188,19783,18015,8.028,27.374,7,train
176,E01000189,10799,24506,24.526,43.589,7,train
177,E01000190,21827,17271,10.149,16.24,7,train
178,E01000191,19496,9566,6.834,18.833,7,train
179,E01000192,10974,6426,15.472,28.127,7,train
180,E01000193,9746,9896,16.117,33.122,7,train
181,E01000194,6427,4543,19.392,29.783,6,train
182,E01000195,5694,14749,26.999,19.966,7,train
183,E01000196,13501,9221,12.284,22.92,10,test
184,E01000197,16832,2922,12.516,34.534,10,test
185,E01000198,17271,10782,11.841,25.751,6,train
186,E01000199,24629,10471,7.222,16.028,6,train
187,E01000200,20709,8908,9.566,19.86,6,train
188,E01000201,30556,9826,7.184,32.502,6,train
189,E01000202,23617,6582,6.735,23.038,10,test
190,E01000203,10536,11383,15.523,24.962,10,test
191,E01000204,21823,6558,10.063,27.209,6,train
192,E01000205,25607,11490,7.725,23.489,10,test
193,E01000206,27469,7847,9.118,24.319,10,test
194,E01000207,23375,3206,6.585,27.164,10,test
195,E01000208,25003,3590,6.612,22.502,10,test
196,E01000209,26229,6457,7.058,22.769,10,test
197,E01000210,22107,2947,8.197,27.374,10,test
198,E01000211,10442,6480,14.568,27.757,10,test
199,E01000212,19531,1683,10.294,25.698,10,test
200,E01000213,26870,4496,7.583,31.33,10,test
201,E01000214,23859,6537,10.503,23.936,10,test
202,E01000215,9962,5971,13.565,22.19,6,train
203,E01000216,14573,7117,10.017,21.24,10,test
204,E01000217,13780,7074,10.826,29.261,6,train
205,E01000218,10123,4441,15.33,25.532,6,train
206,E01000219,7512,4512,19.87,31.116,6,train
207,E01000220,8812,9023,17.109,29.431,6,train
208,E01000221,4126,7916,45.842,29.763,6,train
209,E01000222,9546,12008,27.098,29.883,6,train
210,E01000223,5458,7401,35.812,28.472,6,train
211,E01000224,8840,10173,19.679,27.142,6,train
212,E01000225,15941,9983,10.981,22.709,6,train
213,E01000226,6353,9648,31.658,30.803,6,train
214,E01000227,23509,15397,9.965,18.465,7,train
215,E01000228,17707,21282,12.492,17.002,7,train
216,E01000229,8616,15373,21.609,18.134,7,train
217,E01000230,16377,18424,7.886,14.054,7,train
218,E01000231,12266,11574,17.628,22.468,7,train
219,E01000232,16265,10933,14.534,20.257,7,train
220,E01000233,23211,12087,8.853,20.027,7,train
221,E01000234,19832,11256,8.657,18.383,7,train
222,E01000235,11785,8607,23.347,28.246,6,train
223,E01000236,11276,4749,10.572,26.189,6,train
224,E01000237,13294,6382,9.545,29.614,6,train
225,E01000238,13608,7453,14.457,31.179,6,train
226,E01000239,10513,8975,21.568,25.352,6,train
227,E01000240,10468,9125,19.599,28.397,6,train
228,E01000241,18025,11429,10.706,24.967,6,train
229,E01000242,19152,10690,19.154,21.089,6,train
230,E01000243,11123,7161,14.093,37.611,6,train
231,E01000244,11148,2063,15.649,45.264,6,train
232,E01000245,7294,15194,24.116,29.665,6,train
233,E01000246,26905,10405,10.621,21.694,11,train
234,E01000247,21123,12386,10.138,13.317,11,train
235,E01000248,23071,3177,7.296,19.701,7,train
236,E01000249,31123,13431,5.863,16.223,7,train
237,E01000250,19311,12674,13.03,20.775,11,train
238,E01000251,11137,11766,18.853,22.749,11,train
239,E01000252,18199,9281,13.376,13.639,11,train
240,E01000253,30230,19010,9.449,11.349,7,train
241,E01000254,28838,5123,7.764,29.206,11,train
242,E01000255,13313,12702,18.729,24.066,7,train
243,E01000256,19859,14001,10.628,18.002,6,train
244,E01000257,12991,8636,25.001,21.402,6,train
245,E01000258,22855,8144,9.156,25.212,7,train
246,E01000259,17181,12644,13.364,19.213,6,train
247,E01000260,12190,10208,19.85,24.416,6,train
248,E01000261,28126,10973,7.628,18.535,7,train
249,E01000263,32419,22506,5.865,20.901,7,train
250,E01000264,12189,7772,16.482,29.859,7,train
251,E01000265,13950,12928,15.103,21.211,11,train
252,E01000266,32599,16959,8.023,20.379,11,train
253,E01000267,23426,6867,12.75,30.675,11,train
254,E01000268,10060,9493,15.262,22.772,11,train
255,E01000269,22327,4499,10.434,22.356,11,train
256,E01000270,22955,10554,11.98,21.073,11,train
257,E01000271,28338,12924,6.648,16.985,11,train
258,E01000272,32104,20126,4.839,14.362,11,train
259,E01000273,15504,8844,14.148,18.949,11,train
260,E01000274,15706,7815,15.582,22.706,11,train
261,E01000275,27030,19057,13.504,14.371,11,train
262,E01000276,33689,29949,4.061,13.428,11,train
263,E01000277,16548,17159,18.23,19.329,11,train
264,E01000278,33094,18536,5.525,21.104,11,train
265,E01000279,31287,14927,8.956,12.864,7,train
266,E01000280,33002,16602,3.958,15.478,11,train
267,E01000281,22630,15611,10.933,18.025,11,train
268,E01000282,26269,8429,8.582,21.335,11,train
269,E01000283,33622,29666,4.647,14.301,11,train
270,E01000284,16012,13460,15.477,17.659,11,train
271,E01000285,19901,28635,15.134,17.854,7,train
272,E01000286,12260,17832,23.897,23.41,7,train
273,E01000287,12162,18441,22.723,22.608,7,train
274,E01000288,21181,6262,13.041,21.62,11,train
275,E01000289,6120,15152,38.33,18.355,11,train
276,E01000290,15501,18960,19.937,13.391,7,train
277,E01000291,14521,29089,32.936,11.862,7,train
278,E01000292,24553,11304,11.315,18.462,7,train
279,E01000293,25879,4652,7.608,21.151,11,train
280,E01000294,18828,16152,12.242,12.621,7,train
281,E01000295,22747,5187,13.306,41.739,10,test
282,E01000296,16400,5257,12.11,23.002,10,test
283,E01000297,18747,5702,9.009,19.889,10,test
284,E01000298,16734,4898,11.827,27.123,10,test
285,E01000299,12857,7275,17.004,41.331,11,train
286,E01000300,22827,7968,12.253,21.835,11,train
287,E01000301,29247,14092,7.059,21.665,11,train
288,E01000302,12710,10126,15.595,18.501,11,train
289,E01000303,30965,16626,6.805,12.46,10,test
290,E01000304,21218,11745,13.531,23.302,10,test
291,E01000305,8458,10439,27.857,34.409,6,train
292,E01000306,12774,3978,14.045,31.348,6,train
293,E01000307,7793,4635,23.325,32.261,6,train
294,E01000308,13189,14641,31.832,31.921,6,train
295,E01000309,14804,6949,13.899,26.827,6,train
296,E01000310,7872,7832,19.223,28.117,6,train
297,E01000311,15318,2734,11.072,31.631,6,train
298,E01000312,8621,16440,24.927,21.426,6,train
299,E01000313,6925,3976,19.932,30.047,6,train
300,E01000314,15599,8042,10.677,25.473,6,train
301,E01000315,7642,11711,32.727,19.208,10,test
302,E01000316,12199,7975,19.874,30.861,10,test
303,E01000317,20390,8733,10.85,21.911,10,test
304,E01000318,22336,8924,14.711,25.854,11,train
305,E01000319,27228,8622,9.915,23.027,10,test
306,E01000320,23214,13334,8.719,19.714,11,train
307,E01000321,17664,8775,14.405,31.229,11,train
308,E01000322,16776,11681,14.866,28.924,11,train
309,E01000323,11509,7790,18.834,35.376,11,train
310,E01000324,21585,7917,13.755,21.96,11,train
311,E01000325,31750,19034,5.875,14.375,17,train
312,E01000326,23161,9301,11.973,26.995,17,train
313,E01000327,29019,15297,7.68,16.278,17,train
314,E01000328,26848,16011,11.404,13.589,17,train
315,E01000329,19997,15632,15.875,19.845,17,train
316,E01000330,18526,12576,17.867,31.997,17,train
317,E01000331,11694,18266,28.281,22.699,17,train
318,E01000332,21811,10969,16.091,25.33,17,train
319,E01000333,9142,10109,25.871,23.367,17,train
320,E01000334,21736,16227,12.987,13.728,17,train
321,E01000335,12975,15343,31.73,31.915,17,train
322,E01000336,7449,9977,31.362,27.661,17,train
323,E01000337,12671,10661,19.57,23.293,17,train
324,E01000338,15538,4967,18.89,31.707,17,train
325,E01000339,20993,17332,16.3,12.707,13,train
326,E01000340,27048,13941,12.831,28.127,13,train
327,E01000341,27874,16647,8.884,16.246,13,train
328,E01000342,27283,15281,8.918,24.005,13,train
329,E01000343,26845,11315,8.347,18.648,17,train
330,E01000344,28439,15410,6.105,13.015,13,train
331,E01000345,30937,17179,6.252,17.59,13,train
332,E01000346,28910,13286,9.662,24.63,17,train
333,E01000347,24850,11250,11.175,22.451,17,train
334,E01000348,33252,22445,4.979,14.633,17,train
335,E01000349,31870,13075,7.459,16.379,17,train
336,E01000350,31132,14376,7.89,20.794,17,train
337,E01000351,29881,15713,7.587,12.409,17,train
338,E01000352,19194,8261,14.763,23.87,17,train
339,E01000353,32481,20694,5.202,15.115,17,train
340,E01000354,18486,21502,21.316,21.561,17,train
341,E01000355,31700,22141,8.189,17.91,17,train
342,E01000356,28847,15673,7.94,14.394,17,train
343,E01000357,33250,30311,4.079,14.658,17,train
344,E01000358,30318,16329,6.15,16.626,17,train
345,E01000359,31748,19536,6.167,16.885,17,train
346,E01000360,13810,4632,18.65,32.745,17,train
347,E01000361,28098,16309,11.27,19.662,17,train
348,E01000362,20111,10112,12.63,21.256,17,train
349,E01000363,28836,12621,9.306,22.855,17,train
350,E01000364,28365,14382,12.692,25.496,17,train
351,E01000365,22334,12516,14.39,23.711,17,train
352,E01000366,25196,11979,9.865,18.271,17,train
353,E01000367,9830,20112,30.905,15.912,17,train
354,E01000368,8213,21658,33.932,16.009,17,train
355,E01000369,25518,22263,14.638,20.593,17,train
356,E01000370,24659,8715,11.364,17.969,17,train
357,E01000371,26901,20150,8.174,16.171,17,train
358,E01000372,9288,17007,29.915,21.727,17,train
359,E01000373,10354,21149,29.344,17.05,17,train
360,E01000374,6407,14955,42.38,30.276,17,train
361,E01000375,18718,15020,18.295,27.738,17,train
362,E01000376,21345,11990,16.232,27.96,17,train
363,E01000377,22831,11184,12.286,14.852,17,train
364,E01000379,15536,14160,18.601,28.683,17,train
365,E01000380,13073,22313,23.317,13.297,17,train
366,E01000381,11599,24041,27.812,22.274,17,train
367,E01000382,31644,17519,6.444,10.99,17,train
368,E01000383,18711,13183,21.082,17.296,17,train
369,E01000384,21267,5779,12.076,27.452,17,train
370,E01000385,9708,21006,32.32,19.851,17,train
371,E01000386,4284,11170,41.618,22.337,17,train
372,E01000387,27261,19451,12.348,11.659,17,train
373,E01000388,30147,17529,10.762,18.881,17,train
374,E01000389,25546,13854,11.233,14.27,17,train
375,E01000390,27479,13463,10.167,20.569,17,train
376,E01000391,22823,15969,13.901,24.914,17,train
377,E01000392,12352,7826,22.909,31.407,17,train
378,E01000393,27396,9060,9.166,30.198,17,train
379,E01000394,27514,14384,9.317,15.564,17,train
380,E01000395,32007,19754,5.03,17.388,13,train
381,E01000396,31313,15655,8.072,23.289,13,train
382,E01000398,16332,14874,20.001,20.399,13,train
383,E01000399,27365,13409,9.101,22.475,13,train
384,E01000400,21810,13116,14.705,27.399,17,train
385,E01000401,10910,8108,21.111,25.429,17,train
386,E01000402,12138,19174,23.537,20.091,17,train
387,E01000403,5964,14800,29.529,14.797,17,train
388,E01000404,6367,16920,30.082,17.527,17,train
389,E01000405,10432,16423,28.889,31.647,17,train
390,E01000406,14966,17056,23.276,25.805,17,train
391,E01000407,22707,9037,14.648,27.796,17,train
392,E01000408,8696,3443,23.784,29.548,17,train
393,E01000409,31106,20258,5.938,14.198,17,train
394,E01000410,29180,17296,7.496,18.793,13,train
395,E01000411,26878,17454,9.621,24.538,17,train
396,E01000412,25787,12419,8.605,19.754,13,train
397,E01000413,23728,9518,10.974,19.08,17,train
398,E01000414,17293,6532,13.631,29.738,17,train
399,E01000415,32490,20534,6.236,14.797,13,train
400,E01000416,11829,10423,25.261,15.171,17,train
401,E01000417,15041,4279,19.563,21.216,17,train
402,E01000418,17958,12860,18.667,22.374,17,train
403,E01000419,29648,20720,8.707,20.176,17,train
404,E01000420,24886,20633,11.155,14.547,17,train
405,E01000421,31634,24188,7.222,14.052,17,train
406,E01000422,8563,3456,35.949,11.804,17,train
407,E01000423,32796,18583,5.619,18.795,13,train
408,E01000424,28283,5589,6.789,29.816,17,train
409,E01000425,32889,27596,6.454,11.394,13,train
410,E01000426,25920,6406,10.343,29.847,13,train
411,E01000427,22567,16174,12.878,17.632,13,train
412,E01000428,11929,15682,23.903,17.261,17,train
413,E01000429,4149,17653,42.524,18.42,17,train
414,E01000430,15673,27443,16.489,8.52,17,train
415,E01000431,4439,17983,36.113,18.596,17,train
416,E01000433,3945,11601,35.521,19.367,17,train
417,E01000434,5490,22532,38.229,18.222,17,train
418,E01000435,9301,12264,31.181,19.646,17,train
419,E01000436,32315,22608,5.016,14.9,17,train
420,E01000437,24368,14108,13.671,16.685,17,train
421,E01000438,17977,8805,14.031,25.78,17,train
422,E01000439,9525,8763,23.787,28.788,17,train
423,E01000440,31013,24150,7.749,17.621,17,train
424,E01000441,6462,14532,29.024,16.815,17,train
425,E01000442,25803,14390,13.895,17.986,17,train
426,E01000443,19024,14529,18.208,23.621,17,train
427,E01000444,32469,20139,6.832,14.944,17,train
428,E01000445,30998,16109,5.791,12.192,17,train
429,E01000446,31326,19497,6.243,18.44,17,train
430,E01000447,23525,11524,10.353,23.184,17,train
431,E01000448,33301,16144,3.171,11.678,17,train
432,E01000449,32719,13970,5.445,13.959,17,train
433,E01000450,17947,22013,18.048,15.171,17,train
434,E01000451,29408,17743,7.498,20.03,17,train
435,E01000452,30971,18788,7.478,20.561,17,train
436,E01000453,29668,24458,8.045,20.351,17,train
437,E01000454,17008,11275,18.58,22.02,17,train
438,E01000455,29793,20450,8.188,20.012,17,train
439,E01000456,31709,27147,6.115,18.498,17,train
440,E01000457,20745,11221,12.09,19.804,17,train
441,E01000458,31722,17542,5.631,11.176,17,train
442,E01000459,20044,16348,14.438,13.645,17,train
443,E01000460,32849,18707,5.115,8.031,17,train
444,E01000461,31898,15012,7.086,13.09,17,train
445,E01000462,22602,12523,14.326,32.556,17,train
446,E01000463,31099,18534,5.128,16.249,13,train
447,E01000464,9485,16009,25.484,11.461,17,train
448,E01000465,7701,13718,28.674,10.067,17,train
449,E01000466,9426,11548,23.424,9.394,17,train
450,E01000467,11678,21134,18.552,14.221,17,train
451,E01000468,13855,28569,20.855,9.245,18,train
452,E01000469,13692,18035,19.895,13.773,17,train
453,E01000470,4590,4333,38.345,12.145,17,train
454,E01000471,12806,10598,21.524,24.382,6,train
455,E01000472,10784,13170,22.928,41.409,6,train
456,E01000473,7237,12010,25.222,29.84,6,train
457,E01000474,10359,9893,21.758,20.327,6,train
458,E01000475,9882,8920,21.12,23.986,6,train
459,E01000476,11152,12356,19.67,29.632,6,train
460,E01000477,4734,11400,23.491,29.429,6,train
461,E01000478,9209,13185,23.721,38.057,6,train
462,E01000479,17040,12309,15.83,24.661,6,train
463,E01000480,18864,10474,11.775,24.978,6,train
464,E01000481,7371,8905,27.74,30.802,6,train
465,E01000483,3583,9478,33.513,24.973,6,train
466,E01000484,7717,20252,38.614,28.134,6,train
467,E01000485,10549,14117,29.651,15.022,6,train
468,E01000486,17267,16872,15.555,18.492,6,train
469,E01000487,11048,11698,17.634,21.233,6,train
470,E01000488,12746,6211,24.308,26.912,6,train
471,E01000489,14355,6615,23.257,27.71,6,train
472,E01000490,10525,4357,24.206,29.383,6,train
473,E01000491,14787,11150,21.226,22.605,6,train
474,E01000492,18107,7982,13.405,28.893,6,train
475,E01000493,20299,6733,12.31,29.578,6,train
476,E01000494,12795,10613,19.535,21.981,6,train
477,E01000495,7854,7994,32.579,24.258,6,train
478,E01000497,6927,11686,23.67,20.737,6,train
479,E01000498,1933,11791,32.538,30.555,6,train
480,E01000499,2823,12575,27.131,27.8,6,train
481,E01000501,5012,15629,35.651,21.398,6,train
482,E01000502,5431,17847,28.682,21.734,6,train
483,E01000503,5493,13283,28.578,24.95,6,train
484,E01000504,11117,9129,21.374,26.783,6,train
485,E01000505,12513,18571,20.325,20.222,6,train
486,E01000506,3392,8054,30.431,39.711,6,train
487,E01000507,11060,8430,22.007,20.392,6,train
488,E01000508,3133,8141,37.833,29.572,6,train
489,E01000509,2207,9502,34.158,33.741,6,train
490,E01000510,1482,3596,30.111,34.818,6,train
491,E01000511,4419,7424,31.007,40.547,6,train
492,E01000512,10867,4401,18.91,37.022,6,train
493,E01000513,12703,5847,15.506,31.8,6,train
494,E01000514,14186,14217,14.626,25.027,6,train
495,E01000515,7343,12033,27.517,20.381,6,train
496,E01000516,13265,9810,19.417,31.57,6,train
497,E01000517,17692,9128,13.553,27.484,6,train
498,E01000518,13012,11659,25.937,26.451,6,train
499,E01000519,8909,8693,20.361,20.86,6,train
500,E01000520,9522,8331,20.597,22.902,6,train
501,E01000521,721,3130,53.09,45.317,6,train
502,E01000522,5134,13284,31.433,26.233,6,train
503,E01000523,2961,4118,31.722,37.672,6,train
504,E01000524,799,3499,44.228,39.002,6,train
505,E01000525,3505,2459,33.636,32.613,6,train
506,E01000526,1995,12275,42.123,21.138,6,train
507,E01000527,1822,6533,34.204,33.063,6,train
508,E01000528,3308,11387,46.028,31.242,6,train
509,E01000530,18923,7727,15.596,31.865,6,train
510,E01000531,6884,5485,25.279,33.291,6,train
511,E01000532,11306,4177,22.1,29.998,6,train
512,E01000533,1629,5402,38.611,35.33,6,train
513,E01000534,16063,7463,19.424,30.705,6,train
514,E01000535,6850,4305,29.612,51.473,6,train
515,E01000536,21873,7927,11.259,19.343,6,train
516,E01000538,26737,18945,9.585,25.276,6,train
517,E01000539,21521,7272,9.401,21.587,6,train
518,E01000540,26236,10072,10.46,18.935,6,train
519,E01000541,13884,7311,14.775,22.356,6,train
520,E01000543,14300,7451,21.407,26.136,6,train
521,E01000544,8415,14151,33.576,29.337,10,test
522,E01000545,5922,3260,30.368,39.175,10,test
523,E01000546,7206,3058,22.321,26.34,10,test
524,E01000547,13825,6232,22.673,30.272,10,test
525,E01000548,5926,6851,32.72,31.415,10,test
526,E01000549,17338,8128,17.113,31.185,10,test
527,E01000550,6438,9943,34.612,31.66,10,test
528,E01000551,7611,13329,41.111,24.564,10,test
529,E01000552,9483,12484,43.404,46.328,10,test
530,E01000553,5668,6760,29.062,32.336,6,train
531,E01000554,9835,12746,21.039,27.362,6,train
532,E01000555,13555,9580,15.947,27.52,6,train
533,E01000556,3978,2005,32.007,46.48,6,train
534,E01000557,7634,5621,23.465,26.954,6,train
535,E01000558,8576,3454,26.806,27.73,6,train
536,E01000559,11535,5874,22.118,28.022,6,train
537,E01000560,12165,2627,19.077,27.141,6,train
538,E01000561,10854,8283,24.708,22.412,6,train
539,E01000562,22649,10498,10.862,19.805,6,train
540,E01000563,26295,13601,9.588,21.523,6,train
541,E01000564,10455,6841,17.31,21.453,6,train
542,E01000565,10327,10002,23.892,20.612,6,train
543,E01000566,18128,14176,14.793,22.288,6,train
544,E01000567,12830,14871,18.175,21.54,6,train
545,E01000568,22102,14962,14.257,21.768,6,train
546,E01000569,24102,18251,9.462,16.742,6,train
547,E01000570,9218,12493,24.088,20.912,6,train
548,E01000571,12761,11756,22.247,27.757,6,train
549,E01000572,17443,11859,12.26,16.933,6,train
550,E01000573,15601,11679,13.432,22.652,6,train
551,E01000574,16344,12949,10.723,21.892,6,train
552,E01000575,13300,10231,17.369,34.881,6,train
553,E01000576,13923,7502,16.509,25.567,6,train
554,E01000577,6283,16807,32.606,33.745,6,train
555,E01000578,7504,11541,28.89,23.6,6,train
556,E01000579,12086,3908,28.906,43.379,6,train
557,E01000580,16391,6000,20.094,28.869,6,train
558,E01000581,14465,4572,15.538,34.94,6,train
559,E01000582,19182,2471,14.317,38.378,6,train
560,E01000583,13833,2796,21.296,41.447,6,train
561,E01000584,17498,5967,14.526,30.054,6,train
562,E01000585,16108,6449,14.234,25.499,6,train
563,E01000586,9444,4464,21.525,32.814,6,train
564,E01000587,16483,16576,15.01,21.483,6,train
565,E01000589,14494,19220,19.307,19.86,6,train
566,E01000590,17794,14274,18.959,22.44,6,train
567,E01000591,11532,7897,20.6,28.871,6,train
568,E01000592,13304,10998,20.65,20.575,6,train
569,E01000593,12182,17837,19.632,18.314,6,train
570,E01000594,12490,7915,17.074,28.302,6,train
571,E01000595,2078,5588,45.345,34.449,6,train
572,E01000596,2189,11054,46.524,34.228,6,train
573,E01000599,3403,15549,51.401,36.679,6,train
574,E01000601,238,11311,57.244,20.264,6,train
575,E01000602,4092,7698,39.756,21.626,6,train
576,E01000603,1646,5788,39.051,28.077,6,train
577,E01000604,2811,11313,43.13,23.041,6,train
578,E01000605,2393,9758,45.54,30.084,6,train
579,E01000606,9557,8299,19.696,31.067,6,train
580,E01000607,11897,9014,18.814,21.347,6,train
581,E01000608,8425,7765,22.141,32.48,6,train
582,E01000609,11129,7670,20.99,24.47,6,train
583,E01000610,8474,12687,24.925,18.451,6,train
584,E01000611,15230,15363,24.049,29.429,6,train
585,E01000612,8714,10277,22.985,20.808,6,train
586,E01000613,9403,16809,25.258,26.918,6,train
587,E01000615,17736,15677,19.767,16.659,6,train
588,E01000616,9020,9107,21.621,34.433,6,train
589,E01000617,11876,12750,24.108,26.46,6,train
590,E01000618,9686,10499,21.83,23.342,6,train
591,E01000619,9940,13123,19.435,17.313,6,train
592,E01000620,12413,11377,20.903,31.5,6,train
593,E01000621,7976,3384,25.172,33.803,6,train
594,E01000622,5702,9697,30.14,33.702,6,train
595,E01000623,15978,14238,16.12,31.752,6,train
596,E01000624,14413,10408,18.739,21.486,6,train
597,E01000625,8686,8324,22.448,21.969,6,train
598,E01000626,3303,11442,43.498,21.916,6,train
599,E01000627,3167,3646,39.15,40.599,6,train
600,E01000628,2442,4336,33.655,36.536,6,train
601,E01000629,13458,17918,15.786,22.764,6,train
602,E01000630,6844,11339,28.674,22.336,6,train
603,E01000631,14234,15596,16.862,29.444,6,train
604,E01000632,9571,7537,18.641,31.303,6,train
605,E01000633,6980,6551,24.495,30.989,6,train
606,E01000634,7262,10219,21.854,19.941,6,train
607,E01000636,10332,10988,18.16,35.531,6,train
608,E01000637,6965,3248,23.342,32.484,6,train
609,E01000638,3803,4487,28.948,39.281,6,train
610,E01000639,10848,3554,22.065,31.439,6,train
611,E01000640,3064,5503,26.984,39.686,6,train
612,E01000641,3555,3955,30.752,32.447,6,train
613,E01000642,5942,5611,27.298,39.438,6,train
614,E01000643,2008,15882,51.118,32.225,6,train
615,E01000644,7658,6913,24.997,33.885,6,train
616,E01000645,33283,17886,4.426,13.543,12,test
617,E01000646,29255,13784,8.685,19.837,12,test
618,E01000647,27754,7119,6.901,20.024,12,test
619,E01000648,29761,8784,6.434,19.042,12,test
620,E01000649,30261,16148,9.063,10.864,12,test
621,E01000650,29177,20878,11.657,10.628,12,test
622,E01000651,26418,12542,9.788,17.403,12,test
623,E01000652,33018,21528,6.271,14.014,12,test
624,E01000653,30763,19043,9.788,11.051,12,test
625,E01000661,7794,18704,37.586,15.091,12,test
626,E01000662,20650,16418,18.168,15.422,12,test
627,E01000663,20236,22956,17.592,11.762,12,test
628,E01000664,20638,29167,19.015,12.081,12,test
629,E01000665,24184,14941,11.279,13.303,12,test
630,E01000666,30382,20455,5.577,8.901,12,test
631,E01000667,32196,20583,6.865,11.787,12,test
632,E01000668,23153,9417,11.493,31.968,12,test
633,E01000669,24527,7128,8.753,24.114,12,test
634,E01000670,31576,14572,5.899,15.881,12,test
635,E01000671,23611,16438,10.594,20.578,12,test
636,E01000672,28430,16763,7.586,14.228,12,test
637,E01000673,26689,9102,8.286,15.86,12,test
638,E01000674,20102,10046,12.232,18.531,12,test
639,E01000676,11702,7935,20.773,29.352,12,test
640,E01000677,22549,6005,13.342,31.302,12,test
641,E01000678,28623,10668,8.932,20.554,12,test
642,E01000679,26173,6297,8.841,31.397,12,test
643,E01000681,33467,25393,2.655,9.747,12,test
644,E01000682,33121,21341,4.327,13.32,12,test
645,E01000683,26188,23570,12.312,18.692,12,test
646,E01000684,33676,28187,3.543,8.39,16,train
647,E01000685,26186,27890,12.631,9.988,16,train
648,E01000686,28549,17012,7.29,13.504,12,test
649,E01000687,29766,12684,6.541,17.435,16,train
650,E01000688,33108,26791,2.568,8.404,16,train
651,E01000689,15585,25730,21.75,15.039,13,train
652,E01000690,31428,16000,7.176,13.506,13,train
653,E01000691,22041,15999,13.121,16.098,13,train
654,E01000692,25469,5601,6.716,22.467,13,train
655,E01000693,28085,10312,11.702,21.794,12,test
656,E01000694,32410,30047,7.762,12.181,13,train
657,E01000695,31581,12104,7.554,18.309,12,test
658,E01000696,31159,10425,7.31,14.813,12,test
659,E01000697,30171,12782,3.492,12.336,12,test
660,E01000698,32302,25417,14.009,10.607,12,test
661,E01000699,14491,6680,20.128,28.272,8,train
662,E01000700,20949,7345,13.73,26.312,12,test
663,E01000701,24246,5763,12.788,29.878,12,test
664,E01000702,24694,4948,10.113,33.925,12,test
665,E01000703,26912,6124,10.469,37.905,12,test
666,E01000704,25856,10263,10.323,26.735,8,train
667,E01000705,14933,7687,16.348,31.404,8,train
668,E01000706,20540,13692,16.599,27.252,12,test
669,E01000707,32778,10378,3.318,22.939,12,test
670,E01000708,27389,11424,7.865,22.097,12,test
671,E01000709,23349,12144,16.171,18.199,12,test
672,E01000710,28740,16641,10.333,16.767,13,train
673,E01000711,23574,12187,11.785,15.273,12,test
674,E01000712,30202,13938,7.002,13.06,12,test
675,E01000713,29938,21545,8.117,14.207,12,test
676,E01000714,21318,11855,9.987,21.135,12,test
677,E01000715,30766,15727,6.57,19.004,12,test
678,E01000716,31659,17108,7.53,12.843,12,test
679,E01000717,27102,13425,8.436,18.385,12,test
680,E01000718,15127,15294,27.328,34.553,13,train
681,E01000719,10221,13105,25.428,21.126,16,train
682,E01000720,5258,16010,43.281,23.439,16,train
683,E01000721,5653,19254,43.217,17.088,16,train
684,E01000722,13760,15522,23.575,24.443,16,train
685,E01000723,29264,21419,13.714,11.657,16,train
686,E01000724,5190,22652,36.128,12.903,16,train
687,E01000725,10164,11876,27.914,26.554,16,train
688,E01000726,21838,14006,16.178,16.807,16,train
689,E01000727,20243,13128,14.486,22.961,16,train
690,E01000728,13683,17625,21.443,15.388,16,train
691,E01000729,5464,20354,40.937,15.74,16,train
692,E01000730,5669,15015,41.8,14.675,16,train
693,E01000731,12262,20367,29.743,18.48,16,train
694,E01000732,25550,20326,14.361,13.971,16,train
695,E01000733,15756,17187,19.956,22.537,16,train
696,E01000734,27191,22673,11.971,16.353,16,train
697,E01000735,10344,18213,30.057,23.511,16,train
698,E01000736,12927,25258,21.883,16.629,16,train
699,E01000737,8777,23987,32.209,19.052,16,train
700,E01000738,19873,16673,20.161,20.281,16,train
701,E01000739,4680,19491,42.448,16.047,16,train
702,E01000741,13694,7996,24.882,26.0,8,train
703,E01000742,14261,5431,23.251,30.759,8,train
704,E01000743,4671,9537,34.812,22.414,8,train
705,E01000744,3653,13122,41.713,16.883,8,train
706,E01000745,16136,6647,19.473,19.876,9,train
707,E01000746,19430,7141,17.48,25.356,8,train
708,E01000749,26303,8874,11.329,10.532,12,test
709,E01000750,8019,26859,30.702,8.361,12,test
710,E01000751,32019,22607,6.681,8.338,12,test
711,E01000752,27918,12967,8.395,15.821,12,test
712,E01000753,33022,18406,6.135,9.678,12,test
713,E01000754,30751,16398,7.427,13.082,12,test
714,E01000755,32432,16100,5.078,9.427,12,test
715,E01000756,31458,19814,4.925,15.362,12,test
716,E01000757,33723,27816,4.451,10.908,12,test
717,E01000758,33207,18603,3.339,11.072,12,test
718,E01000759,31567,20189,7.816,13.902,12,test
719,E01000760,26652,11024,9.071,21.405,12,test
720,E01000761,32812,23082,7.262,14.774,12,test
721,E01000762,29976,20940,6.964,12.109,12,test
722,E01000763,32972,20701,5.404,14.373,12,test
723,E01000764,22323,27675,12.203,14.972,12,test
724,E01000765,27777,12274,7.214,16.56,12,test
725,E01000766,33690,26163,3.044,12.668,12,test
726,E01000767,33310,18744,4.764,15.998,12,test
727,E01000768,29267,13636,8.72,14.137,12,test
728,E01000769,14127,16081,23.938,14.269,12,test
729,E01000770,31735,10903,6.02,21.103,12,test
730,E01000771,31610,11561,5.485,23.885,12,test
731,E01000772,32392,16601,4.052,13.264,12,test
732,E01000773,32774,15985,6.474,20.236,12,test
733,E01000774,25368,10812,9.362,18.585,12,test
734,E01000775,28305,18006,7.336,16.535,12,test
735,E01000777,31626,13976,7.717,21.252,12,test
736,E01000778,22001,13754,13.162,17.882,12,test
737,E01000779,20978,4950,15.109,27.105,13,train
738,E01000780,13377,13043,22.669,18.395,13,train
739,E01000781,7013,14699,37.305,14.375,13,train
740,E01000782,5367,13011,47.689,22.483,13,train
741,E01000783,7149,14294,31.443,15.39,13,train
742,E01000784,26119,17727,10.181,20.624,13,train
743,E01000785,9335,20846,31.622,20.129,13,train
744,E01000786,27512,22772,9.502,9.849,16,train
745,E01000787,13532,19289,22.391,16.702,16,train
746,E01000788,20099,14504,23.025,31.332,16,train
747,E01000789,2883,23925,36.636,12.485,16,train
748,E01000790,21252,14575,13.639,38.34,16,train
749,E01000791,26783,16437,9.652,14.228,16,train
750,E01000792,17956,30559,18.856,9.504,16,train
751,E01000793,33455,20459,4.826,14.34,16,train
752,E01000794,33484,26610,3.686,8.175,16,train
753,E01000795,21090,26864,14.293,10.75,16,train
754,E01000796,4571,19962,30.14,14.841,8,train
755,E01000797,20571,2093,13.477,26.241,12,test
756,E01000798,5276,6707,42.145,32.612,12,test
757,E01000799,11511,4634,19.434,33.366,12,test
758,E01000800,9701,11559,28.064,28.545,8,train
759,E01000801,15477,11610,18.196,29.681,12,test
760,E01000802,17780,4705,19.757,43.053,13,train
761,E01000803,18346,8462,17.243,30.195,13,train
762,E01000804,29587,7076,8.331,23.168,13,train
763,E01000805,12544,2820,21.754,43.533,12,test
764,E01000806,7393,4803,25.697,28.513,12,test
765,E01000807,26739,8031,6.047,22.49,12,test
766,E01000808,32330,18741,7.005,9.942,12,test
767,E01000809,33532,25201,4.188,11.29,12,test
768,E01000810,33741,27099,2.339,10.912,12,test
769,E01000811,33177,28063,5.127,16.52,12,test
770,E01000812,25562,11285,10.196,16.508,16,train
771,E01000813,32724,18828,3.255,11.187,12,test
772,E01000814,33602,20072,4.284,12.445,12,test
773,E01000815,33638,22043,2.586,10.944,12,test
774,E01000816,22254,8720,14.081,20.821,13,train
775,E01000818,29690,14113,13.454,17.92,13,train
776,E01000819,10763,6682,26.536,24.467,13,train
777,E01000820,14560,9202,21.127,20.864,12,test
778,E01000822,17645,3785,13.278,21.48,12,test
779,E01000823,22391,3663,11.568,20.193,12,test
780,E01000824,18532,3617,15.415,28.484,12,test
781,E01000825,19395,9807,17.0,32.958,12,test
782,E01000826,33604,21472,4.317,14.79,12,test
783,E01000827,29667,20398,5.195,12.462,12,test
784,E01000828,26096,11912,10.099,16.56,12,test
785,E01000829,29489,11841,6.085,17.134,12,test
786,E01000830,33343,17369,3.748,14.524,12,test
787,E01000831,31001,23392,8.153,16.522,12,test
788,E01000832,31542,9215,5.996,12.278,12,test
789,E01000833,33344,18979,2.759,10.855,12,test
790,E01000834,33274,22086,4.859,14.13,12,test
791,E01000835,23437,6276,7.308,19.678,12,test
792,E01000836,33433,22041,5.562,14.583,12,test
793,E01000837,25850,13621,10.214,12.967,12,test
794,E01000838,32693,19069,5.005,12.69,12,test
795,E01000839,33304,21183,4.317,13.31,12,test
796,E01000840,30117,13954,10.385,16.522,12,test
797,E01000841,32289,12694,4.549,17.421,12,test
798,E01000842,29782,11572,8.523,28.562,10,test
799,E01000843,15517,3256,13.567,33.509,10,test
800,E01000844,26814,8494,9.797,36.274,10,test
801,E01000845,22257,4677,11.305,25.205,10,test
802,E01000846,8539,5970,22.13,30.249,10,test
803,E01000847,13533,14268,17.13,27.412,10,test
804,E01000848,27844,5673,6.035,23.112,10,test
805,E01000849,22918,3799,7.694,27.837,10,test
806,E01000850,19709,374,14.252,53.259,10,test
807,E01000851,17800,249,14.959,73.954,10,test
808,E01000853,3936,1787,30.826,37.016,10,test
809,E01000855,17240,1036,14.66,55.455,10,test
810,E01000856,7423,3728,31.404,32.37,10,test
811,E01000857,17700,7757,14.85,27.214,10,test
812,E01000858,5711,7581,37.66,27.855,10,test
813,E01000859,26327,4955,7.224,29.592,10,test
814,E01000860,11443,3174,17.703,31.218,10,test
815,E01000861,7837,1074,33.498,54.956,10,test
816,E01000862,26292,5674,10.864,34.334,10,test
817,E01000863,5910,4179,34.37,42.259,10,test
818,E01000866,9932,1748,22.434,47.262,10,test
819,E01000867,9382,6018,28.4,37.23,10,test
820,E01000868,4638,9399,39.291,51.997,10,test
821,E01000869,11769,3598,22.144,35.937,10,test
822,E01000870,8838,2728,26.832,39.027,10,test
823,E01000871,17430,2831,14.237,22.965,10,test
824,E01000872,6413,2621,24.312,35.741,6,train
825,E01000873,24138,5534,8.615,22.093,10,test
826,E01000874,25116,2108,4.907,29.47,10,test
827,E01000875,9672,3877,21.838,25.818,6,train
828,E01000876,8303,8571,29.94,26.471,10,test
829,E01000877,20753,4419,11.158,28.082,10,test
830,E01000878,24123,14272,5.647,23.329,10,test
831,E01000879,29112,5578,5.877,30.514,10,test
832,E01000880,28724,3097,6.105,30.172,10,test
833,E01000881,18678,3184,13.429,33.608,10,test
834,E01000882,30062,5140,4.319,29.53,10,test
835,E01000883,24362,4291,9.536,33.868,10,test
836,E01000884,27899,4377,5.273,22.626,10,test
837,E01000885,27883,3874,7.027,26.368,10,test
838,E01000886,21321,2791,9.126,29.929,10,test
839,E01000887,19652,4445,13.063,26.3,10,test
840,E01000888,17935,4752,14.584,31.576,10,test
841,E01000889,5896,10034,30.868,26.258,10,test
842,E01000890,2029,8229,40.883,20.233,10,test
843,E01000891,3270,6123,38.283,20.126,10,test
844,E01000892,17090,10948,15.799,20.705,10,test
845,E01000893,30114,8211,5.314,22.231,10,test
846,E01000894,27987,2116,6.601,29.284,10,test
847,E01000895,19738,1561,8.367,22.818,10,test
848,E01000896,30406,4436,5.734,30.248,10,test
849,E01000897,31645,6710,5.398,26.687,10,test
850,E01000898,19019,12194,11.81,14.835,10,test
851,E01000899,26790,1022,5.971,36.627,10,test
852,E01000900,9463,4893,26.042,31.98,10,test
853,E01000901,4602,13311,30.351,21.845,10,test
854,E01000902,4915,10442,36.241,21.975,10,test
855,E01000903,15589,3577,18.925,31.053,10,test
856,E01000904,6900,4529,24.584,23.772,10,test
857,E01000905,3750,8419,38.075,26.951,10,test
858,E01000906,23004,5295,10.421,24.431,10,test
859,E01000907,8096,11452,33.796,18.547,10,test
860,E01000908,8144,11534,27.211,33.822,10,test
861,E01000909,20687,2031,11.771,31.487,10,test
862,E01000910,24315,1388,9.73,32.718,10,test
863,E01000911,14771,5087,16.959,22.127,10,test
864,E01000912,7411,2769,22.316,24.35,10,test
865,E01000913,23270,2065,9.279,31.659,10,test
866,E01000914,12794,897,13.106,49.784,10,test
867,E01000915,8076,2726,23.058,40.954,10,test
868,E01000916,11245,1491,19.491,51.268,10,test
869,E01000917,2752,1165,34.957,39.25,10,test
870,E01000918,12105,736,20.684,52.395,10,test
871,E01000919,9765,1350,21.741,48.166,10,test
872,E01000920,16484,4129,15.017,43.564,10,test
873,E01000921,16230,4617,15.197,35.504,10,test
874,E01000922,10150,4337,21.717,31.657,10,test
875,E01000923,16209,4035,19.37,25.607,10,test
876,E01000924,18665,5243,13.294,32.866,10,test
877,E01000925,7350,6552,29.369,26.391,10,test
878,E01000926,11669,4077,17.412,25.117,10,test
879,E01000927,15155,1942,14.937,31.573,10,test
880,E01000928,12818,2242,20.295,36.205,10,test
881,E01000929,6305,6377,25.374,30.149,10,test
882,E01000930,5273,6181,30.755,40.831,10,test
883,E01000931,3018,3322,34.552,32.996,10,test
884,E01000932,12176,2168,20.043,21.605,10,test
885,E01000933,9139,2741,25.739,44.647,10,test
886,E01000934,3929,3733,35.446,30.056,10,test
887,E01000935,5822,5894,32.327,24.073,10,test
888,E01000937,19128,2877,14.324,39.795,10,test
889,E01000938,3703,1258,33.666,59.935,10,test
890,E01000939,4227,4330,39.074,36.622,10,test
891,E01000941,4760,2496,38.035,34.655,10,test
892,E01000942,12987,1711,15.339,65.799,10,test
893,E01000943,18269,870,19.812,43.875,10,test
894,E01000944,6940,10900,22.702,29.59,10,test
895,E01000946,13842,3846,14.777,35.13,10,test
896,E01000947,7184,2487,24.682,39.449,10,test
897,E01000948,7858,1539,28.939,40.649,10,test
898,E01000949,10482,6401,19.618,24.761,10,test
899,E01000951,4449,5583,34.249,35.298,10,test
900,E01000952,4722,514,33.388,31.163,10,test
901,E01000954,3795,2538,34.893,31.142,10,test
902,E01000955,4579,7394,33.231,31.146,10,test
903,E01000956,3647,2074,33.601,47.171,10,test
904,E01000957,8612,7037,26.314,26.675,10,test
905,E01000958,12474,11658,24.531,24.057,10,test
906,E01000959,4744,2358,39.028,39.819,10,test
907,E01000960,16200,3836,16.477,31.202,10,test
908,E01000961,9280,6740,22.612,27.573,10,test
909,E01000962,30241,10056,6.05,24.033,10,test
910,E01000963,23800,6562,8.751,34.422,10,test
911,E01000964,16234,4817,17.855,21.055,10,test
912,E01000965,17274,6781,17.42,26.921,10,test
913,E01000966,31837,10000,6.968,22.511,10,test
914,E01000967,27632,8705,9.325,30.31,10,test
915,E01000968,20808,4349,14.268,26.815,10,test
916,E01000969,23678,2283,6.278,30.575,10,test
917,E01000970,19120,4022,10.284,40.215,10,test
918,E01000971,23496,2524,7.866,35.106,10,test
919,E01000972,6807,5003,27.096,34.777,10,test
920,E01000973,13530,4556,20.581,34.988,10,test
921,E01000974,6333,3565,25.094,29.212,10,test
922,E01000975,16505,12758,17.721,34.242,8,train
923,E01000976,6495,1863,25.791,44.409,8,train
924,E01000977,8507,8478,28.332,26.201,8,train
925,E01000978,12867,6061,20.55,43.199,8,train
926,E01000979,14555,7619,17.568,34.305,8,train
927,E01000980,9732,6961,26.51,33.971,8,train
928,E01000981,15400,3937,13.993,28.709,8,train
929,E01000982,13018,7411,18.644,31.049,8,train
930,E01000983,19739,5479,13.494,36.677,8,train
931,E01000984,6631,6441,30.644,34.981,8,train
932,E01000985,26843,17717,8.729,15.786,8,train
933,E01000986,20921,6802,13.043,22.024,8,train
934,E01000987,26773,9236,9.378,28.69,8,train
935,E01000989,24697,18219,12.449,15.104,12,test
936,E01000990,4248,9588,40.278,25.882,8,train
937,E01000991,28318,28270,8.842,14.526,12,test
938,E01000992,7622,19351,32.164,26.616,8,train
939,E01000993,19247,7228,12.212,26.913,8,train
940,E01000994,14027,10383,19.762,23.586,8,train
941,E01000995,11200,3266,20.555,36.593,8,train
942,E01000996,15587,12462,19.945,29.686,8,train
943,E01000997,12153,9635,22.343,26.942,8,train
944,E01000998,5118,1975,32.577,33.429,8,train
945,E01000999,14365,6633,22.777,44.395,8,train
946,E01001000,7735,4415,28.215,32.827,8,train
947,E01001001,6461,3452,37.455,42.834,8,train
948,E01001002,11937,7758,22.163,36.803,8,train
949,E01001003,11236,10778,24.98,36.319,8,train
950,E01001004,9959,14481,26.942,23.374,8,train
951,E01001005,8385,1937,23.204,29.98,8,train
952,E01001006,9328,14402,30.661,18.612,8,train
953,E01001007,13293,8626,18.879,25.388,8,train
954,E01001008,7541,6093,30.401,29.963,8,train
955,E01001009,10829,6028,23.746,33.992,8,train
956,E01001010,6569,10515,41.778,35.766,8,train
957,E01001011,3600,8613,30.871,31.737,8,train
958,E01001012,4192,2117,37.546,39.243,8,train
959,E01001013,2742,6514,46.101,25.463,8,train
960,E01001028,31514,22764,6.172,14.207,8,train
961,E01001029,20465,10562,14.98,16.342,8,train
962,E01001030,30741,12355,7.277,13.927,8,train
963,E01001032,32636,21314,3.765,10.837,8,train
964,E01001033,16149,3707,14.464,40.565,8,train
965,E01001034,19174,3574,14.826,28.756,8,train
966,E01001035,15780,11336,18.386,20.629,8,train
967,E01001036,29069,13024,11.983,15.814,8,train
968,E01001037,10286,4483,20.404,39.85,8,train
969,E01001038,16819,12167,18.538,23.706,8,train
970,E01001039,30044,16136,8.629,11.567,8,train
971,E01001040,14302,3474,15.153,34.006,8,train
972,E01001041,9863,3587,21.138,38.265,8,train
973,E01001042,5786,5451,36.634,47.057,8,train
974,E01001044,25626,12904,10.209,20.796,8,train
975,E01001046,24772,16241,9.773,24.156,8,train
976,E01001047,10753,5653,22.051,47.31,8,train
977,E01001049,29219,15268,12.324,13.788,8,train
978,E01001050,14516,17137,22.047,22.572,8,train
979,E01001051,4619,24268,39.057,8.763,12,test
980,E01001052,3660,26666,42.12,10.342,12,test
981,E01001053,6658,18525,32.404,22.877,12,test
982,E01001054,5977,24393,34.919,16.291,12,test
983,E01001055,4830,23627,38.85,25.407,12,test
984,E01001056,3260,25602,37.89,13.269,12,test
985,E01001057,2616,15438,40.503,9.749,12,test
986,E01001058,21447,23800,11.624,8.925,12,test
987,E01001059,15873,19398,15.24,12.562,12,test
988,E01001060,14199,22365,20.543,12.221,12,test
989,E01001061,13274,17066,23.65,14.612,12,test
990,E01001062,23479,12130,9.874,14.39,12,test
991,E01001063,27478,9320,6.864,15.829,12,test
992,E01001064,26931,15416,12.837,13.276,12,test
993,E01001065,17668,9048,15.885,20.193,12,test
994,E01001066,4588,24811,38.911,13.523,12,test
995,E01001073,21196,10592,16.333,26.101,8,train
996,E01001074,16053,14284,18.325,27.057,8,train
997,E01001076,4201,19915,36.214,18.478,12,test
998,E01001077,17417,21562,18.542,20.707,12,test
999,E01001078,4925,20643,36.004,16.14,12,test
1000,E01001079,3537,20001,33.984,16.311,12,test
1001,E01001080,944,22600,49.591,9.829,12,test
1002,E01001081,7650,25028,34.64,19.234,12,test
1003,E01001082,6654,26028,33.023,15.077,12,test
1004,E01001083,25954,14223,13.37,24.05,8,train
1005,E01001084,25311,6871,13.991,36.611,8,train
1006,E01001085,13591,6493,18.622,41.293,8,train
1007,E01001086,19643,14480,16.705,27.58,8,train
1008,E01001087,7532,7064,23.96,39.387,8,train
1009,E01001088,17731,12792,16.133,23.44,8,train
1010,E01001089,9295,5658,28.744,42.395,8,train
1011,E01001090,11096,7881,23.381,37.337,8,train
1012,E01001091,20204,9579,15.404,22.766,8,train
1013,E01001092,16496,17327,19.832,19.045,8,train
1014,E01001093,20627,13017,11.683,16.199,8,train
1015,E01001094,31752,18220,8.462,14.995,8,train
1016,E01001095,15346,4641,16.293,22.399,8,train
1017,E01001096,32188,15681,7.102,10.59,8,train
1018,E01001097,9319,9612,22.424,26.437,8,train
1019,E01001098,32217,15843,7.535,13.365,8,train
1020,E01001099,14630,6974,19.716,19.486,8,train
1021,E01001100,28826,7924,8.833,26.018,8,train
1022,E01001101,33555,29291,5.124,11.954,8,train
1023,E01001102,30508,17726,7.129,13.573,8,train
1024,E01001103,31841,25442,7.187,7.967,8,train
1025,E01001107,30527,18294,7.039,14.767,8,train
1026,E01001108,33404,21812,5.129,10.48,8,train
1027,E01001109,7160,7222,32.11,33.884,8,train
1028,E01001110,4657,4656,43.021,51.675,8,train
1029,E01001111,10298,3923,28.48,40.848,8,train
1030,E01001112,8561,14690,30.378,17.355,8,train
1031,E01001113,8287,3172,28.381,36.175,8,train
1032,E01001114,4445,3815,41.451,32.375,8,train
1033,E01001115,5346,9367,44.37,29.457,8,train
1034,E01001116,7212,2277,28.878,38.957,8,train
1035,E01001118,3908,5369,40.478,29.62,8,train
1036,E01001119,32022,29428,8.868,6.522,12,test
1037,E01001120,27498,25066,10.028,25.94,12,test
1038,E01001122,32521,22297,9.529,17.708,8,train
1039,E01001123,33004,31061,9.235,11.107,8,train
1040,E01001124,32991,30866,5.837,12.022,8,train
1041,E01001125,21924,14146,12.056,16.28,8,train
1042,E01001126,30132,20386,6.813,16.963,12,test
1043,E01001127,29779,21400,9.41,15.595,12,test
1044,E01001128,5567,21118,34.857,16.104,12,test
1045,E01001129,32458,28993,4.626,11.127,12,test
1046,E01001130,3973,21592,37.162,14.481,12,test
1047,E01001131,20718,15710,12.694,15.263,12,test
1048,E01001132,26710,23251,9.259,15.14,12,test
1049,E01001133,25166,13333,11.327,18.336,12,test
1050,E01001134,27090,20884,9.9,14.02,12,test
1051,E01001135,27516,16685,8.602,15.912,12,test
1052,E01001136,7952,5144,32.903,53.267,8,train
1053,E01001137,18286,11371,23.5,23.535,8,train
1054,E01001138,14774,8961,18.603,23.47,8,train
1055,E01001139,16587,4881,19.585,37.035,8,train
1056,E01001140,16322,7047,21.715,29.5,8,train
1057,E01001141,9124,11073,27.47,25.026,8,train
1058,E01001142,14917,7794,21.44,30.594,8,train
1059,E01001143,8602,8268,30.177,34.438,8,train
1060,E01001144,8502,7203,37.101,38.811,8,train
1061,E01001145,3568,3513,39.931,41.14,8,train
1062,E01001146,14133,8787,19.749,35.757,8,train
1063,E01001147,6919,9748,34.0,32.489,8,train
1064,E01001148,12685,8746,23.162,39.932,8,train
1065,E01001149,16722,11402,16.06,24.018,8,train
1066,E01001150,17470,8439,20.545,29.108,8,train
1067,E01001151,4610,4861,40.839,37.044,8,train
1068,E01001152,5819,3482,37.166,47.465,8,train
1069,E01001153,11459,8289,22.665,32.189,8,train
1070,E01001154,6363,3374,28.926,46.246,8,train
1071,E01001155,2210,4563,43.809,30.417,8,train
1072,E01001156,13362,11667,26.234,21.362,8,train
1073,E01001157,15458,9618,18.181,25.631,8,train
1074,E01001158,14174,6345,20.443,31.246,8,train
1075,E01001159,20318,9505,14.456,21.627,8,train
1076,E01001160,17380,15130,13.743,19.009,8,train
1077,E01001161,4801,8117,42.566,18.853,8,train
1078,E01001162,10640,11131,28.352,28.83,9,train
1079,E01001163,18693,6241,16.31,38.527,9,train
1080,E01001164,12271,4911,20.492,30.175,8,train
1081,E01001165,13062,3109,24.16,36.338,8,train
1082,E01001166,6194,5395,32.149,31.227,8,train
1083,E01001167,13864,8445,21.834,32.091,8,train
1084,E01001168,12642,3138,21.176,42.319,8,train
1085,E01001169,9846,14498,32.702,24.03,8,train
1086,E01001170,8198,9705,27.089,41.051,8,train
1087,E01001171,11554,11968,24.566,20.23,8,train
1088,E01001172,5736,16772,43.062,20.461,8,train
1089,E01001173,13598,19233,19.768,17.055,8,train
1090,E01001174,13494,12777,22.452,24.596,8,train
1091,E01001175,8028,3229,30.599,36.144,8,train
1092,E01001176,7213,5288,22.748,32.146,8,train
1093,E01001177,8046,7260,31.6,31.371,8,train
1094,E01001178,284,5094,58.173,32.465,8,train
1095,E01001179,12316,6027,20.706,43.81,8,train
1096,E01001180,7892,3420,27.841,50.916,8,train
1097,E01001181,2690,5955,42.449,46.81,8,train
1098,E01001182,13202,4673,21.65,33.851,8,train
1099,E01001183,7027,6274,24.133,28.592,8,train
1100,E01001184,17774,17800,16.909,27.475,8,train
1101,E01001185,12331,4018,19.985,26.714,8,train
1102,E01001186,7161,7672,29.074,26.57,8,train
1103,E01001187,10576,10114,20.607,35.963,8,train
1104,E01001188,8766,5938,28.153,31.23,8,train
1105,E01001189,19634,6544,17.717,22.189,8,train
1106,E01001190,15281,11464,27.441,37.229,8,train
1107,E01001191,5752,3775,34.93,48.831,8,train
1108,E01001192,10406,9376,27.765,26.158,8,train
1109,E01001193,8278,17748,34.356,14.404,8,train
1110,E01001194,18079,5539,18.25,27.808,8,train
1111,E01001195,16696,10600,13.986,23.333,6,train
1112,E01001196,5621,6973,38.041,40.473,6,train
1113,E01001197,12906,6602,22.602,30.943,5,test
1114,E01001198,19124,4393,14.822,32.964,5,test
1115,E01001199,9986,4810,22.254,22.304,5,test
1116,E01001200,17786,3851,15.981,29.299,5,test
1117,E01001201,18950,9346,17.646,34.545,5,test
1118,E01001202,6282,4007,33.786,38.75,5,test
1119,E01001203,5515,5579,32.757,39.622,5,test
1120,E01001204,20110,7100,13.681,23.044,6,train
1121,E01001205,6076,17221,31.013,25.289,5,test
1122,E01001206,1544,16034,42.319,18.46,6,train
1123,E01001207,18596,6502,16.207,37.498,5,test
1124,E01001208,26518,4764,11.841,36.809,6,train
1125,E01001209,25247,3654,7.107,30.227,6,train
1126,E01001210,2852,12899,50.708,25.254,6,train
1127,E01001211,22026,7213,10.395,17.234,6,train
1128,E01001212,19792,4478,13.453,25.772,6,train
1129,E01001213,7123,10618,28.161,31.374,1,train
1130,E01001214,12479,12416,15.937,23.91,1,train
1131,E01001215,4702,8859,30.196,37.781,1,train
1132,E01001216,7819,8201,22.184,36.939,1,train
1133,E01001217,14290,18558,16.083,23.666,2,train
1134,E01001218,5317,13337,36.313,20.314,2,train
1135,E01001219,4079,18489,36.023,20.309,1,train
1136,E01001220,4484,9535,47.749,28.726,5,test
1137,E01001223,22993,9071,11.671,25.581,6,train
1138,E01001224,26769,2717,9.146,36.929,6,train
1139,E01001225,13493,3246,21.713,39.465,6,train
1140,E01001226,22133,4239,13.363,23.364,6,train
1141,E01001227,21753,3919,10.29,33.142,6,train
1142,E01001228,20171,6807,11.398,18.531,5,test
1143,E01001229,9342,18494,30.226,26.773,5,test
1144,E01001230,15636,3175,21.257,39.828,5,test
1145,E01001231,20967,5234,13.847,38.445,5,test
1146,E01001232,12279,14419,23.753,21.127,5,test
1147,E01001233,13508,7590,23.841,26.932,5,test
1148,E01001234,12809,1997,22.923,52.014,5,test
1149,E01001235,19341,4620,14.225,28.805,5,test
1150,E01001236,18939,8169,16.278,31.408,5,test
1151,E01001237,20216,5594,17.023,36.875,5,test
1152,E01001239,5401,10124,32.662,23.239,6,train
1153,E01001240,7825,5800,20.451,31.348,6,train
1154,E01001241,11375,9047,22.203,30.872,5,test
1155,E01001242,12647,8672,26.914,31.886,5,test
1156,E01001243,12016,11196,25.381,39.369,5,test
1157,E01001244,10953,11388,28.857,43.737,5,test
1158,E01001245,15745,6982,15.441,34.669,5,test
1159,E01001246,6065,2343,32.021,45.732,6,train
1160,E01001247,7902,5089,21.278,28.719,6,train
1161,E01001248,14091,5990,17.386,24.092,5,test
1162,E01001249,5525,7072,41.534,38.77,5,test
1163,E01001250,3847,5832,37.117,32.788,5,test
1164,E01001251,13886,2589,18.709,39.924,5,test
1165,E01001252,7465,8889,25.654,38.212,5,test
1166,E01001253,13901,9485,15.645,24.226,5,test
1167,E01001254,18287,6189,14.588,29.602,5,test
1168,E01001255,20744,2999,13.456,33.847,5,test
1169,E01001257,4452,21815,40.826,21.379,2,train
1170,E01001258,12904,14547,15.858,29.257,2,train
1171,E01001259,10603,9226,20.119,29.81,2,train
1172,E01001260,10981,7224,20.741,36.628,6,train
1173,E01001261,7875,6270,22.674,39.008,6,train
1174,E01001262,6952,9834,31.334,28.503,2,train
1175,E01001263,5975,22315,34.487,26.171,2,train
1176,E01001264,9459,13595,24.398,27.105,2,train
1177,E01001265,12107,8346,20.568,21.927,2,train
1178,E01001266,14471,8349,16.109,28.3,6,train
1179,E01001267,7319,10786,31.849,32.736,6,train
1180,E01001268,15760,7936,18.541,30.712,6,train
1181,E01001269,14159,12060,13.557,35.486,6,train
1182,E01001270,15126,11157,15.651,23.806,6,train
1183,E01001271,8886,9158,16.877,26.154,6,train
1184,E01001272,11100,7775,19.058,35.502,6,train
1185,E01001273,21244,3102,9.462,30.917,6,train
1186,E01001274,22514,7001,8.494,18.633,6,train
1187,E01001275,14945,4360,19.035,31.212,6,train
1188,E01001276,6336,10274,20.56,31.642,6,train
1189,E01001277,10120,2938,17.535,39.184,6,train
1190,E01001278,9629,3503,23.769,52.502,6,train
1191,E01001279,30920,10822,7.15,35.101,6,train
1192,E01001280,19723,11399,13.686,30.658,6,train
1193,E01001281,26047,2337,7.459,34.729,6,train
1194,E01001282,6890,17504,35.01,26.699,6,train
1195,E01001283,6124,10170,40.085,32.592,6,train
1196,E01001284,16889,9978,15.752,33.419,6,train
1197,E01001285,7940,12176,23.184,30.631,6,train
1198,E01001286,9116,14249,23.532,27.988,6,train
1199,E01001287,9245,16346,31.223,19.434,6,train
1200,E01001288,13425,6891,16.018,37.044,5,test
1201,E01001289,14019,4744,15.526,38.847,5,test
1202,E01001290,14085,6548,12.68,31.355,5,test
1203,E01001291,10667,17991,19.365,23.485,2,train
1204,E01001292,14765,11995,13.864,28.178,2,train
1205,E01001293,10539,10016,17.362,21.563,2,train
1206,E01001294,8896,9059,22.485,24.131,2,train
1207,E01001295,11583,7160,17.222,28.311,2,train
1208,E01001296,7990,11828,22.011,24.341,2,train
1209,E01001297,7136,8967,23.36,22.219,2,train
1210,E01001298,7661,8396,27.974,26.98,1,train
1211,E01001299,23379,4411,8.007,28.03,5,test
1212,E01001300,24637,3104,8.87,34.665,5,test
1213,E01001301,14540,6583,20.032,31.044,5,test
1214,E01001302,23113,3262,11.697,33.08,5,test
1215,E01001303,21264,1652,9.914,44.256,5,test
1216,E01001304,20226,9846,14.074,32.505,5,test
1217,E01001305,28334,6789,7.673,26.956,5,test
1218,E01001306,24698,8317,8.308,33.74,5,test
1219,E01001307,14543,13956,11.103,28.347,6,train
1220,E01001308,20333,13704,11.391,23.575,6,train
1221,E01001309,14033,13018,15.083,28.41,6,train
1222,E01001310,15618,9600,18.59,26.913,2,train
1223,E01001311,8837,11866,28.942,15.225,6,train
1224,E01001312,13588,9052,16.657,34.068,6,train
1225,E01001313,14880,16787,13.693,26.825,6,train
1226,E01001314,16782,17325,10.954,26.547,6,train
1227,E01001315,12151,13277,18.255,20.767,2,train
1228,E01001316,6280,15530,31.82,24.336,2,train
1229,E01001317,8080,15996,26.465,25.08,2,train
1230,E01001318,4922,18345,36.013,22.476,2,train
1231,E01001319,15245,10820,18.036,23.938,2,train
1232,E01001320,3510,14918,41.628,17.821,2,train
1233,E01001321,8529,10018,26.07,26.544,2,train
1234,E01001322,8404,10253,23.866,28.828,2,train
1235,E01001323,7494,5525,23.054,38.444,2,train
1236,E01001324,5487,11356,33.507,28.757,2,train
1237,E01001325,9519,19019,26.632,21.094,2,train
1238,E01001326,5978,14706,33.051,28.575,2,train
1239,E01001327,6973,12840,30.832,26.181,2,train
1240,E01001328,5280,6204,33.629,27.427,2,train
1241,E01001329,8172,10978,24.129,22.497,2,train
1242,E01001330,2685,13375,42.882,28.276,2,train
1243,E01001331,3679,14107,37.261,24.514,2,train
1244,E01001332,5175,14195,39.944,23.328,2,train
1245,E01001333,3676,6778,39.653,42.624,1,train
1246,E01001334,4536,14335,41.199,24.286,1,train
1247,E01001335,11651,9476,20.851,37.209,1,train
1248,E01001336,10302,12078,24.895,30.278,1,train
1249,E01001337,10111,8587,35.728,26.615,5,test
1250,E01001338,6818,6903,27.178,28.287,1,train
1251,E01001339,9785,19861,35.644,21.201,1,train
1252,E01001340,2563,16740,38.035,17.38,5,test
1253,E01001341,12466,9613,12.828,30.068,6,train
1254,E01001342,11922,16054,14.813,37.215,6,train
1255,E01001343,14938,11088,15.378,24.681,6,train
1256,E01001344,8558,10980,18.422,18.319,6,train
1257,E01001345,11537,8591,17.505,23.053,6,train
1258,E01001346,9303,7904,12.0,32.148,6,train
1259,E01001347,9514,7669,18.682,33.278,6,train
1260,E01001348,6183,6510,19.431,39.249,6,train
1261,E01001349,5857,9901,33.598,27.964,6,train
1262,E01001350,19222,6549,16.166,31.435,5,test
1263,E01001351,8739,6393,28.006,37.51,5,test
1264,E01001352,18028,3209,15.249,42.501,5,test
1265,E01001353,13676,8263,23.368,34.772,5,test
1266,E01001354,13429,3750,22.226,38.929,5,test
1267,E01001355,12024,5046,24.463,37.503,5,test
1268,E01001356,2509,17652,45.936,20.31,5,test
1269,E01001357,16693,8189,41.995,33.513,5,test
1270,E01001358,12788,11278,45.789,42.7,5,test
1271,E01001359,6265,7636,24.895,27.801,1,train
1272,E01001360,10012,7532,29.132,31.857,1,train
1273,E01001361,3336,2705,34.209,35.826,1,train
1274,E01001362,5267,6301,29.18,29.131,1,train
1275,E01001363,7443,8687,26.151,24.888,1,train
1276,E01001364,4317,13327,42.16,21.625,1,train
1277,E01001365,7933,10994,28.015,27.449,1,train
1278,E01001366,5840,11296,28.541,28.086,1,train
1279,E01001367,4538,6761,30.306,33.395,1,train
1280,E01001368,6715,13261,28.942,25.458,1,train
1281,E01001369,4292,3378,24.898,33.505,1,train
1282,E01001370,7470,8340,25.905,26.362,1,train
1283,E01001371,5170,10172,27.142,23.791,1,train
1284,E01001372,6756,15587,31.007,21.061,1,train
1285,E01001373,7028,11498,26.285,28.311,1,train
1286,E01001374,24304,8836,11.21,27.078,5,test
1287,E01001375,28550,3814,5.53,22.455,5,test
1288,E01001376,12783,10888,23.916,22.953,5,test
1289,E01001377,23895,688,8.237,34.286,5,test
1290,E01001379,28738,5635,6.511,29.001,5,test
1291,E01001380,27487,7486,12.501,32.757,5,test
1292,E01001381,13235,3572,18.031,43.327,5,test
1293,E01001382,26892,3570,8.388,37.871,5,test
1294,E01001383,21063,5554,11.57,29.019,5,test
1295,E01001384,21278,5085,9.84,29.039,5,test
1296,E01001385,22752,2758,8.565,28.24,5,test
1297,E01001386,22769,3188,9.924,31.27,5,test
1298,E01001387,16624,4649,16.451,49.621,5,test
1299,E01001388,5127,3675,34.821,43.491,5,test
1300,E01001389,8900,4125,21.071,44.993,5,test
1301,E01001390,17474,2961,10.543,22.824,11,train
1302,E01001391,7736,3701,25.639,31.357,11,train
1303,E01001392,23061,3352,10.702,35.964,11,train
1304,E01001393,10340,3658,19.095,34.731,11,train
1305,E01001394,8478,6780,26.964,37.749,11,train
1306,E01001395,5223,11357,35.279,20.781,11,train
1307,E01001396,12283,8656,19.048,29.032,11,train
1308,E01001397,7052,11166,24.623,29.06,11,train
1309,E01001398,28026,12974,9.217,28.266,11,train
1310,E01001399,22812,7013,11.221,22.696,11,train
1311,E01001400,22169,11720,10.379,20.052,11,train
1312,E01001401,19014,8081,12.406,29.21,11,train
1313,E01001402,22522,9156,8.991,17.202,11,train
1314,E01001403,17587,14795,15.86,28.11,11,train
1315,E01001404,14690,10449,19.168,19.85,11,train
1316,E01001405,18702,14707,12.081,16.778,11,train
1317,E01001406,9997,5712,24.464,29.764,11,train
1318,E01001407,15515,10708,18.518,23.568,11,train
1319,E01001408,18178,5935,16.678,43.992,11,train
1320,E01001409,5002,12906,34.902,34.934,11,train
1321,E01001410,4500,28942,45.507,27.969,11,train
1322,E01001411,16137,3606,13.411,26.137,11,train
1323,E01001413,26526,10202,7.768,16.085,11,train
1324,E01001414,4118,7673,42.821,35.879,11,train
1325,E01001415,16198,10587,15.471,17.217,11,train
1326,E01001416,30959,11020,7.674,24.254,11,train
1327,E01001418,13741,7473,21.09,17.927,11,train
1328,E01001419,14670,6021,15.206,19.586,11,train
1329,E01001420,12452,15353,26.371,25.744,11,train
1330,E01001421,14191,18634,26.74,27.17,11,train
1331,E01001422,30358,26040,7.863,9.627,11,train
1332,E01001423,5218,11044,31.815,31.58,11,train
1333,E01001424,1999,15637,45.659,24.583,11,train
1334,E01001425,1038,2878,48.205,36.817,11,train
1335,E01001426,2693,9899,41.035,26.077,11,train
1336,E01001427,2437,6286,42.558,27.759,15,train
1337,E01001428,3616,11398,38.085,31.141,11,train
1338,E01001429,888,13177,46.391,38.425,11,train
1339,E01001430,2868,3763,42.061,33.805,11,train
1340,E01001431,2059,7640,43.347,37.52,11,train
1341,E01001432,1947,1702,39.635,48.375,11,train
1342,E01001433,2864,13633,36.086,27.74,15,train
1343,E01001434,7325,16393,28.191,27.392,15,train
1344,E01001435,8493,14961,26.237,31.11,15,train
1345,E01001436,6630,11907,28.56,27.423,15,train
1346,E01001437,3013,17417,38.766,35.929,15,train
1347,E01001438,4327,6890,34.949,28.685,15,train
1348,E01001439,2152,6302,35.255,27.992,15,train
1349,E01001440,3697,8139,30.551,28.031,11,train
1350,E01001441,3693,7899,37.103,26.03,15,train
1351,E01001442,1326,8171,44.482,36.758,15,train
1352,E01001445,6404,16378,29.846,41.336,15,train
1353,E01001446,5194,9282,27.924,35.771,15,train
1354,E01001447,2436,14078,42.79,19.229,15,train
1355,E01001448,5750,11270,30.162,24.739,15,train
1356,E01001449,6624,11242,29.422,18.385,15,train
1357,E01001450,10683,8072,21.426,27.758,11,train
1358,E01001451,20500,7584,16.806,24.66,11,train
1359,E01001452,29033,8511,11.358,25.328,11,train
1360,E01001453,30865,11880,6.185,16.093,11,train
1361,E01001454,27563,7258,9.141,24.309,11,train
1362,E01001455,25488,12289,11.174,16.589,11,train
1363,E01001456,31561,10479,5.686,22.078,11,train
1364,E01001457,18721,12934,13.891,16.569,11,train
1365,E01001458,2724,6251,40.254,27.197,11,train
1366,E01001459,6604,7316,23.802,22.394,11,train
1367,E01001460,2486,2719,38.272,39.45,11,train
1368,E01001461,835,6405,40.049,26.113,11,train
1369,E01001462,3607,12314,35.063,30.919,11,train
1370,E01001463,8469,9503,22.651,21.714,11,train
1371,E01001464,4957,13246,38.337,27.14,11,train
1372,E01001465,6230,7712,24.442,28.202,11,train
1373,E01001466,5078,4914,28.341,34.764,11,train
1374,E01001467,5583,3805,26.454,36.061,11,train
1375,E01001468,13337,22465,29.819,10.465,11,train
1376,E01001469,15689,16323,23.277,12.434,11,train
1377,E01001470,24267,9860,10.556,11.32,11,train
1378,E01001471,18591,12239,17.36,20.138,11,train
1379,E01001472,21515,9086,13.774,16.931,11,train
1380,E01001473,21575,22565,15.973,12.927,11,train
1381,E01001474,23952,17280,13.064,11.914,11,train
1382,E01001475,32248,20323,7.273,19.599,11,train
1383,E01001476,4933,10120,28.029,24.22,11,train
1384,E01001477,5632,12815,34.984,26.512,15,train
1385,E01001478,11587,7504,25.908,26.327,11,train
1386,E01001479,2067,1607,33.274,42.194,11,train
1387,E01001480,6433,9054,30.603,28.915,11,train
1388,E01001481,5875,10892,26.529,31.52,15,train
1389,E01001482,3227,9347,38.527,35.409,11,train
1390,E01001483,981,7925,53.716,42.224,15,train
1391,E01001484,7510,8114,24.503,32.107,11,train
1392,E01001485,2734,3361,37.13,38.902,11,train
1393,E01001486,2597,13258,41.507,23.449,11,train
1394,E01001487,3182,6771,35.047,30.991,11,train
1395,E01001488,3201,5511,30.484,31.298,11,train
1396,E01001489,3923,8422,30.915,30.269,11,train
1397,E01001491,3589,4828,32.824,35.051,11,train
1398,E01001492,4868,7385,32.044,30.958,11,train
1399,E01001493,9597,12556,29.242,20.675,11,train
1400,E01001494,17301,14280,15.474,22.306,11,train
1401,E01001495,15423,6933,12.544,30.85,11,train
1402,E01001496,20035,15946,14.271,25.211,11,train
1403,E01001497,12267,14311,23.466,23.021,11,train
1404,E01001498,10625,6883,17.405,36.392,11,train
1405,E01001499,11767,9563,24.023,30.283,11,train
1406,E01001500,14788,6396,19.827,33.173,11,train
1407,E01001501,7599,6711,26.291,36.526,11,train
1408,E01001502,5188,13026,31.213,34.042,15,train
1409,E01001503,6190,7726,28.155,31.527,11,train
1410,E01001504,8445,15833,30.29,34.119,15,train
1411,E01001505,5783,6968,33.573,30.167,15,train
1412,E01001507,3449,8467,40.471,32.24,15,train
1413,E01001508,4280,10356,31.854,31.038,11,train
1414,E01001509,3151,8363,34.342,40.923,15,train
1415,E01001511,10161,4117,21.859,33.354,11,train
1416,E01001512,13495,7305,18.403,33.714,11,train
1417,E01001513,3514,12204,33.421,25.324,11,train
1418,E01001514,11526,8781,21.731,33.825,11,train
1419,E01001515,3611,6319,37.118,36.691,11,train
1420,E01001516,6914,10810,28.911,26.708,11,train
1421,E01001517,2449,11922,48.739,16.037,11,train
1422,E01001518,13151,5359,22.402,37.731,11,train
1423,E01001520,16553,10569,17.439,16.007,11,train
1424,E01001521,25266,12983,8.942,19.279,11,train
1425,E01001522,15839,20121,14.078,10.67,11,train
1426,E01001523,23979,9325,8.803,14.814,11,train
1427,E01001524,13535,6870,21.144,22.152,11,train
1428,E01001525,15969,10031,16.784,30.573,11,train
1429,E01001526,26961,20520,10.158,12.115,11,train
1430,E01001527,15651,7627,15.807,30.322,11,train
1431,E01001528,6733,10951,34.923,31.658,11,train
1432,E01001529,5729,6138,32.233,26.108,11,train
1433,E01001530,11752,9651,20.501,32.933,11,train
1434,E01001531,29866,9523,8.429,26.324,11,train
1435,E01001532,27384,7018,8.506,26.9,11,train
1436,E01001533,30666,9945,7.078,21.602,11,train
1437,E01001534,18695,7287,11.197,22.529,11,train
1438,E01001535,22337,5731,14.357,28.014,11,train
1439,E01001536,12852,3803,18.752,32.721,11,train
1440,E01001537,17447,14986,11.559,18.635,11,train
1441,E01001538,28525,14613,11.124,18.826,11,train
1442,E01001539,21517,9402,15.185,26.626,11,train
1443,E01001540,17765,7427,14.261,28.22,11,train
1444,E01001541,27060,10329,9.711,26.13,11,train
1445,E01001542,12606,7823,18.608,22.402,11,train
1446,E01001543,25532,10250,9.625,17.56,11,train
1447,E01001544,24100,8993,9.567,17.979,11,train
1448,E01001545,2950,14647,45.483,17.856,11,train
1449,E01001546,5442,15317,27.925,24.43,15,train
1450,E01001547,5917,10060,29.152,29.004,15,train
1451,E01001548,5162,10612,32.093,24.814,11,train
1452,E01001549,2443,9187,42.876,29.819,11,train
1453,E01001550,5412,18751,36.024,26.09,11,train
1454,E01001553,4497,12869,38.285,24.54,11,train
1455,E01001554,1140,7138,42.024,26.062,11,train
1456,E01001555,4076,4517,34.676,32.87,11,train
1457,E01001556,10438,7281,19.27,33.417,11,train
1458,E01001557,4878,11514,30.164,26.92,11,train
1459,E01001558,2416,1310,39.726,48.817,11,train
1460,E01001559,3828,6242,41.09,43.71,15,train
1461,E01001560,6533,7249,34.488,31.934,11,train
1462,E01001562,3033,14897,46.641,35.829,11,train
1463,E01001563,15072,6087,16.576,39.106,11,train
1464,E01001564,24551,8271,10.265,20.985,11,train
1465,E01001565,19294,14940,16.271,23.691,11,train
1466,E01001566,18452,3913,13.927,26.532,11,train
1467,E01001567,30699,11026,6.287,18.096,11,train
1468,E01001568,32676,18621,9.832,20.104,11,train
1469,E01001569,15404,5733,10.386,19.675,11,train
1470,E01001570,13703,9780,17.923,22.863,11,train
1471,E01001571,15976,8174,17.934,30.322,17,train
1472,E01001572,14973,9082,15.488,32.863,17,train
1473,E01001573,14158,6619,15.713,32.255,17,train
1474,E01001574,4424,15072,39.32,17.89,17,train
1475,E01001575,4724,13532,47.53,19.516,17,train
1476,E01001576,6693,19126,39.498,16.859,17,train
1477,E01001577,8433,18262,33.562,25.849,17,train
1478,E01001578,10085,22868,26.804,24.105,17,train
1479,E01001579,7559,15622,37.671,20.833,17,train
1480,E01001580,24040,5335,10.762,28.154,13,train
1481,E01001581,12996,5049,20.417,26.678,13,train
1482,E01001582,13179,7752,23.276,25.74,13,train
1483,E01001583,22794,3480,13.467,34.021,13,train
1484,E01001584,26410,7341,8.831,19.146,13,train
1485,E01001585,21471,5160,12.942,24.468,13,train
1486,E01001586,15547,9519,24.143,27.05,13,train
1487,E01001587,24478,11294,12.083,23.943,13,train
1488,E01001588,8323,7307,36.01,30.056,13,train
1489,E01001589,8852,7836,27.748,29.524,13,train
1490,E01001590,15441,4340,18.27,29.279,13,train
1491,E01001591,7855,16990,31.725,17.644,13,train
1492,E01001592,22748,6690,14.689,39.632,13,train
1493,E01001593,23787,3290,11.428,36.077,13,train
1494,E01001594,9345,18491,36.347,18.701,13,train
1495,E01001595,12529,15751,23.247,20.468,13,train
1496,E01001596,29465,20338,9.357,13.888,13,train
1497,E01001597,18910,6485,15.157,22.509,13,train
1498,E01001598,22409,15138,14.161,17.078,13,train
1499,E01001599,15294,16353,17.402,18.965,13,train
1500,E01001600,16892,4447,13.508,15.736,13,train
1501,E01001601,24571,7928,10.965,16.642,13,train
1502,E01001602,6102,22437,32.404,20.569,13,train
1503,E01001603,5471,20497,36.698,16.443,13,train
1504,E01001604,18617,4182,13.453,31.123,13,train
1505,E01001605,30679,17577,7.194,17.707,13,train
1506,E01001606,31164,17706,6.397,25.502,13,train
1507,E01001607,17174,8304,17.855,36.813,13,train
1508,E01001608,25613,5548,14.25,19.671,13,train
1509,E01001609,13521,5303,21.984,25.002,13,train
1510,E01001610,23010,11042,12.889,25.954,13,train
1511,E01001611,16579,9546,18.934,30.393,13,train
1512,E01001613,12894,8786,20.04,19.68,13,train
1513,E01001614,30579,15856,8.565,22.421,13,train
1514,E01001615,14430,7164,20.234,25.883,13,train
1515,E01001617,21806,7073,8.775,17.872,13,train
1516,E01001618,15105,22184,23.606,18.699,13,train
1517,E01001619,21625,13565,14.743,23.158,13,train
1518,E01001620,7031,9766,31.693,22.619,13,train
1519,E01001621,9166,6298,31.869,37.964,13,train
1520,E01001623,12926,14187,24.743,24.339,13,train
1521,E01001624,12754,12659,25.331,25.275,13,train
1522,E01001625,4658,5566,40.633,29.395,13,train
1523,E01001629,6570,13009,30.377,16.914,13,train
1524,E01001631,4130,11521,34.131,21.785,13,train
1525,E01001632,7233,3838,18.55,22.994,13,train
1526,E01001633,7684,12623,34.156,18.223,13,train
1527,E01001634,5902,21953,41.733,16.448,13,train
1528,E01001635,9292,3419,23.232,28.259,13,train
1529,E01001636,8574,3153,25.682,30.131,13,train
1530,E01001637,7846,6147,27.056,33.586,13,train
1531,E01001638,5625,13165,28.086,21.893,13,train
1532,E01001641,18863,4008,16.332,35.805,13,train
1533,E01001642,20206,1078,11.497,35.508,13,train
1534,E01001644,17506,6663,17.25,38.75,13,train
1535,E01001645,11915,20519,27.85,18.293,13,train
1536,E01001646,10626,24820,25.032,16.37,13,train
1537,E01001647,19740,13142,21.637,25.658,13,train
1538,E01001648,16382,8089,19.236,17.39,13,train
1539,E01001649,9811,17525,35.196,29.587,13,train
1540,E01001650,9016,12517,31.966,26.83,13,train
1541,E01001651,5587,11148,43.603,20.789,13,train
1542,E01001652,16534,5310,17.489,31.617,13,train
1543,E01001653,4249,24805,40.929,21.524,13,train
1544,E01001654,5837,14513,39.916,26.801,13,train
1545,E01001655,3503,17253,42.546,17.952,13,train
1546,E01001656,17916,18817,18.273,17.807,13,train
1547,E01001657,21577,6353,11.265,25.487,13,train
1548,E01001658,17399,11445,18.198,21.187,13,train
1549,E01001659,17984,7475,20.724,28.412,13,train
1550,E01001660,7893,12819,33.571,18.932,13,train
1551,E01001661,8163,13813,35.08,27.442,13,train
1552,E01001664,19236,4054,21.316,53.895,13,train
1553,E01001665,16803,6580,17.153,35.14,13,train
1554,E01001666,15215,6673,25.344,40.896,13,train
1555,E01001669,7700,12879,27.835,23.529,17,train
1556,E01001671,9013,7366,22.947,20.882,13,train
1557,E01001672,7486,2842,27.142,32.136,13,train
1558,E01001673,5845,6718,35.883,22.228,13,train
1559,E01001674,9297,6722,22.128,32.6,17,train
1560,E01001675,7377,4509,28.69,31.051,13,train
1561,E01001676,6083,8611,28.338,22.585,17,train
1562,E01001677,8717,4983,19.733,30.952,13,train
1563,E01001678,14347,9556,14.09,32.384,13,train
1564,E01001679,19726,12038,13.493,25.196,13,train
1565,E01001680,26956,15036,8.857,18.005,13,train
1566,E01001681,17552,10150,18.3,25.52,13,train
1567,E01001682,15938,6819,18.224,23.576,13,train
1568,E01001683,10210,8033,22.811,26.022,13,train
1569,E01001684,12145,22446,24.72,16.933,13,train
1570,E01001685,13451,11890,17.339,30.244,13,train
1571,E01001686,10446,10802,20.534,24.006,13,train
1572,E01001687,4057,14994,35.651,21.698,13,train
1573,E01001688,8905,17835,26.616,18.928,17,train
1574,E01001690,6334,18918,29.707,12.432,17,train
1575,E01001692,6477,15446,30.003,13.802,17,train
1576,E01001693,4005,12362,33.676,13.83,17,train
1577,E01001694,9854,14633,23.21,14.81,17,train
1578,E01001695,8332,11116,36.783,16.992,13,train
1579,E01001696,9991,13341,36.797,26.411,13,train
1580,E01001697,8778,11181,33.943,27.524,13,train
1581,E01001698,6824,10717,29.548,17.352,13,train
1582,E01001699,12003,11632,24.705,17.544,13,train
1583,E01001700,9298,10545,31.145,26.016,13,train
1584,E01001701,11320,17950,29.43,22.667,13,train
1585,E01001702,6625,19416,37.853,17.227,13,train
1586,E01001703,5250,13822,31.821,15.889,13,train
1587,E01001704,9886,6704,23.517,27.845,13,train
1588,E01001705,6004,16866,32.594,20.121,13,train
1589,E01001708,17469,13679,20.619,23.807,13,train
1590,E01001710,5249,13092,33.511,14.595,13,train
1591,E01001712,5180,9146,31.332,25.383,13,train
1592,E01001714,10378,9970,44.248,35.903,10,test
1593,E01001715,11713,7819,28.349,41.005,10,test
1594,E01001716,5436,7614,37.112,42.422,10,test
1595,E01001717,13095,17781,27.475,23.44,10,test
1596,E01001718,14863,2104,20.149,44.58,10,test
1597,E01001719,9350,5276,35.72,24.999,10,test
1598,E01001720,18595,3622,19.773,37.448,10,test
1599,E01001722,3020,8802,31.702,25.442,10,test
1600,E01001723,8633,6727,22.842,35.149,10,test
1601,E01001724,11077,3001,25.324,46.11,10,test
1602,E01001725,3066,9587,26.575,32.431,10,test
1603,E01001726,2236,7564,32.84,25.527,10,test
1604,E01001727,6332,5434,22.608,26.662,10,test
1605,E01001728,2472,6193,30.577,28.623,10,test
1606,E01001729,3140,7508,42.01,26.563,14,train
1607,E01001730,5291,8084,45.752,37.397,14,train
1608,E01001731,9155,3834,31.157,35.312,10,test
1609,E01001732,3925,5300,39.137,29.233,14,train
1610,E01001733,14541,5797,32.404,46.913,14,train
1611,E01001734,7543,2727,36.255,36.98,10,test
1612,E01001735,8921,7236,35.185,31.804,14,train
1613,E01001736,19539,10100,21.541,25.494,10,test
1614,E01001737,17680,7459,24.573,44.939,10,test
1615,E01001738,13164,6585,22.939,29.231,10,test
1616,E01001739,14877,4484,25.798,30.318,10,test
1617,E01001740,6066,9309,43.901,27.268,10,test
1618,E01001741,22092,3746,17.772,33.265,10,test
1619,E01001742,11574,10667,28.995,26.811,10,test
1620,E01001744,12008,9371,32.017,33.92,10,test
1621,E01001745,4747,5258,36.826,26.743,10,test
1622,E01001746,6355,6735,35.266,24.175,10,test
1623,E01001747,9680,8592,31.063,29.505,10,test
1624,E01001749,11588,2289,31.098,50.4,10,test
1625,E01001750,9723,6923,36.039,42.372,10,test
1626,E01001751,23883,2273,18.737,59.744,10,test
1627,E01001753,4158,8527,35.92,33.959,10,test
1628,E01001755,5498,3968,40.073,30.19,10,test
1629,E01001756,15870,3959,23.435,46.51,10,test
1630,E01001757,5085,7957,31.873,23.585,10,test
1631,E01001758,6639,7060,38.882,29.545,10,test
1632,E01001759,10661,5401,28.934,32.31,10,test
1633,E01001760,6348,2550,39.233,35.737,10,test
1634,E01001761,4975,5477,47.161,34.646,10,test
1635,E01001762,2609,2789,27.09,39.349,10,test
1636,E01001763,10909,6446,22.12,37.008,10,test
1637,E01001764,8792,9677,28.73,31.482,10,test
1638,E01001765,4560,12512,43.409,26.457,10,test
1639,E01001767,9378,3762,33.95,35.623,10,test
1640,E01001768,12525,8441,24.277,38.236,10,test
1641,E01001769,13753,4254,26.759,31.856,10,test
1642,E01001770,5449,4331,34.261,27.033,10,test
1643,E01001772,8257,11688,41.78,34.632,10,test
1644,E01001773,9100,7821,38.205,39.226,10,test
1645,E01001774,10920,7207,28.204,35.8,10,test
1646,E01001775,6187,3621,39.266,32.628,10,test
1647,E01001776,7955,7174,45.938,40.342,10,test
1648,E01001777,14374,5854,34.27,39.956,10,test
1649,E01001780,6535,3575,37.728,36.541,10,test
1650,E01001781,4329,6070,44.66,33.173,10,test
1651,E01001783,4481,8876,38.594,34.676,10,test
1652,E01001784,8377,6348,26.639,38.62,10,test
1653,E01001785,12624,4140,30.74,43.769,14,train
1654,E01001786,5683,10642,37.939,26.727,14,train
1655,E01001787,4163,13536,43.42,23.359,14,train
1656,E01001788,4591,16997,42.475,22.819,14,train
1657,E01001789,12736,11501,27.673,31.819,14,train
1658,E01001790,4831,18925,51.961,23.041,14,train
1659,E01001791,7753,14061,32.227,32.399,14,train
1660,E01001792,8466,5729,32.729,37.316,10,test
1661,E01001793,11480,3424,24.873,39.232,14,train
1662,E01001794,15261,4605,26.492,53.677,10,test
1663,E01001795,9720,2841,31.452,38.026,14,train
1664,E01001796,7521,3990,28.427,50.857,14,train
1665,E01001798,4837,4757,46.437,33.384,10,test
1666,E01001799,3046,5756,26.539,44.532,10,test
1667,E01001800,890,6139,39.15,28.668,10,test
1668,E01001801,5566,13067,31.423,42.561,10,test
1669,E01001802,4694,7103,33.522,29.767,10,test
1670,E01001803,18309,9331,15.695,32.03,10,test
1671,E01001804,3482,9784,26.466,35.055,10,test
1672,E01001805,10015,3108,27.222,47.853,10,test
1673,E01001806,10291,7408,29.992,28.043,10,test
1674,E01001807,3343,7947,29.104,38.774,10,test
1675,E01001808,1212,1392,30.857,62.351,10,test
1676,E01001809,2438,6464,26.652,35.191,10,test
1677,E01001811,3243,6751,48.58,26.572,10,test
1678,E01001812,2374,4735,29.842,25.907,10,test
1679,E01001813,3705,8468,48.476,51.33,10,test
1680,E01001814,2200,3597,32.729,43.765,10,test
1681,E01001815,7248,11406,36.758,25.092,10,test
1682,E01001816,12171,5746,25.206,30.492,10,test
1683,E01001819,12408,4989,27.879,30.972,10,test
1684,E01001820,6755,11057,41.027,32.311,10,test
1685,E01001821,5021,10985,43.173,30.408,10,test
1686,E01001822,1166,5172,45.667,25.305,10,test
1687,E01001823,2222,13568,28.315,21.263,10,test
1688,E01001824,1258,6526,33.87,29.313,10,test
1689,E01001825,2725,7092,26.92,32.224,10,test
1690,E01001826,1380,10397,34.25,27.626,10,test
1691,E01001827,1523,7609,36.874,22.635,10,test
1692,E01001828,4255,10366,34.2,21.761,10,test
1693,E01001829,24244,6321,16.477,37.958,10,test
1694,E01001830,8486,7786,32.425,29.416,10,test
1695,E01001831,10689,3942,29.178,39.587,10,test
1696,E01001832,11479,2698,28.103,41.718,10,test
1697,E01001833,8648,4460,31.832,35.707,10,test
1698,E01001834,11073,5772,30.766,37.825,10,test
1699,E01001835,16565,1818,21.313,33.092,10,test
1700,E01001836,9465,6496,26.182,30.383,14,train
1701,E01001837,18409,7254,17.083,31.935,10,test
1702,E01001838,2817,4870,46.392,27.977,14,train
1703,E01001839,5767,5186,38.772,32.322,10,test
1704,E01001840,5019,7756,40.008,24.268,14,train
1705,E01001841,7202,8927,31.696,25.393,14,train
1706,E01001842,5392,8157,39.524,31.073,10,test
1707,E01001843,8674,15221,32.022,29.684,14,train
1708,E01001844,10214,2197,26.949,40.636,14,train
1709,E01001845,3239,7415,50.985,29.622,14,train
1710,E01001846,3904,8082,46.735,27.992,14,train
1711,E01001847,3097,6218,56.261,32.984,14,train
1712,E01001848,6821,4875,39.884,35.491,14,train
1713,E01001849,7109,8673,34.104,34.051,14,train
1714,E01001850,4252,10346,42.961,29.887,14,train
1715,E01001851,23146,4546,13.267,33.543,5,test
1716,E01001852,17171,3308,16.762,37.917,5,test
1717,E01001853,18832,4160,20.791,42.447,5,test
1718,E01001854,13468,4842,19.308,37.836,5,test
1719,E01001855,18838,6244,18.446,38.683,5,test
1720,E01001856,7757,4137,31.549,40.397,5,test
1721,E01001857,5063,4312,39.967,34.845,5,test
1722,E01001858,12681,6359,30.675,47.737,5,test
1723,E01001859,17713,21226,20.236,25.296,5,test
1724,E01001860,7374,5505,31.87,33.315,5,test
1725,E01001861,7792,5225,30.192,26.784,5,test
1726,E01001862,9666,8863,32.679,32.002,5,test
1727,E01001863,17518,4666,18.964,32.56,5,test
1728,E01001864,15852,10519,28.795,41.466,5,test
1729,E01001865,23631,7314,13.639,29.56,5,test
1730,E01001866,17835,493,14.104,41.193,5,test
1731,E01001867,19350,2334,13.678,26.11,5,test
1732,E01001868,6162,6217,35.865,39.32,5,test
1733,E01001869,22430,3611,14.292,44.066,5,test
1734,E01001870,20063,3888,16.892,34.831,9,train
1735,E01001871,22124,4053,12.278,31.908,5,test
1736,E01001872,15741,4112,15.605,38.18,5,test
1737,E01001873,15079,11019,22.705,35.176,5,test
1738,E01001875,4081,4191,33.544,33.709,5,test
1739,E01001876,7376,13875,37.345,33.483,6,train
1740,E01001877,7183,6689,33.33,43.979,6,train
1741,E01001878,4663,5193,34.751,31.73,6,train
1742,E01001879,9380,3668,22.554,24.952,5,test
1743,E01001880,11776,4822,21.14,27.352,9,train
1744,E01001881,19963,2986,14.937,37.514,9,train
1745,E01001882,18755,1084,13.532,38.509,9,train
1746,E01001883,19299,8013,23.378,28.186,9,train
1747,E01001884,7970,2688,25.958,43.686,9,train
1748,E01001885,3125,7575,50.627,30.869,9,train
1749,E01001886,12084,5679,25.873,30.14,5,test
1750,E01001887,10851,5655,23.246,27.199,5,test
1751,E01001888,23465,3409,10.795,28.424,5,test
1752,E01001889,17593,1885,19.908,44.105,5,test
1753,E01001890,18037,1772,13.675,36.859,5,test
1754,E01001891,29233,7505,11.44,35.009,5,test
1755,E01001892,11190,11913,28.411,28.561,5,test
1756,E01001893,10715,5933,33.791,37.872,5,test
1757,E01001894,7045,4240,30.447,36.153,5,test
1758,E01001895,15260,4726,19.524,31.379,5,test
1759,E01001896,14526,7414,22.043,32.832,5,test
1760,E01001897,19711,4964,15.457,28.712,5,test
1761,E01001898,19355,5584,22.222,35.056,5,test
1762,E01001899,8420,5100,43.244,37.111,5,test
1763,E01001900,6447,885,36.348,44.479,5,test
1764,E01001901,23680,1569,10.834,31.769,5,test
1765,E01001902,15712,2119,15.69,26.859,5,test
1766,E01001903,12501,3045,25.552,39.844,5,test
1767,E01001904,25295,4134,9.473,37.523,5,test
1768,E01001905,25208,2712,7.147,25.366,5,test
1769,E01001906,21669,1838,9.619,29.294,5,test
1770,E01001907,24206,1445,11.551,29.723,5,test
1771,E01001908,17362,2562,17.008,37.449,5,test
1772,E01001909,16093,4688,22.51,36.002,5,test
1773,E01001910,14651,2723,18.415,43.563,5,test
1774,E01001911,6441,9321,34.648,29.097,9,train
1775,E01001912,4836,5241,35.515,31.673,9,train
1776,E01001913,24084,2373,10.792,31.268,5,test
1777,E01001914,11221,1596,19.977,34.046,5,test
1778,E01001915,22789,1651,12.938,50.126,5,test
1779,E01001916,29114,2059,6.849,29.986,9,train
1780,E01001917,20914,6191,15.582,32.922,5,test
1781,E01001918,18403,4850,10.542,25.285,5,test
1782,E01001919,28295,7038,8.626,21.643,5,test
1783,E01001920,6373,2368,31.102,38.059,9,train
1784,E01001921,17356,1698,19.082,38.928,9,train
1785,E01001922,22395,827,12.078,34.118,9,train
1786,E01001923,19811,4070,17.635,49.203,9,train
1787,E01001924,27466,1611,9.181,39.383,9,train
1788,E01001925,23850,1525,9.021,36.682,9,train
1789,E01001926,24616,725,6.578,32.544,9,train
1790,E01001927,27975,2446,9.468,35.799,5,test
1791,E01001928,18033,3451,20.584,35.836,5,test
1792,E01001929,24826,2604,12.281,37.39,5,test
1793,E01001930,10604,4550,31.034,54.355,5,test
1794,E01001931,22153,3063,18.489,43.203,5,test
1795,E01001932,13940,2521,25.92,43.493,5,test
1796,E01001933,18538,1852,20.872,36.333,5,test
1797,E01001934,14038,15037,23.795,16.057,9,train
1798,E01001935,14875,2904,16.976,27.34,9,train
1799,E01001937,21817,1513,13.307,39.142,9,train
1800,E01001938,9771,5324,27.478,39.012,9,train
1801,E01001940,9424,4833,34.773,31.692,5,test
1802,E01001941,8375,2086,30.224,41.205,5,test
1803,E01001942,11501,2628,24.159,34.925,5,test
1804,E01001943,7613,3873,33.034,49.212,5,test
1805,E01001944,3375,9715,43.021,26.176,5,test
1806,E01001945,13834,3457,25.101,36.831,5,test
1807,E01001946,17767,8968,21.955,20.234,5,test
1808,E01001947,5107,4167,37.614,26.449,9,train
1809,E01001948,19934,2216,14.586,43.816,9,train
1810,E01001949,25449,1989,8.026,33.366,5,test
1811,E01001950,23023,723,9.705,37.449,9,train
1812,E01001951,17598,1888,17.389,46.62,9,train
1813,E01001952,17266,1756,15.715,37.251,5,test
1814,E01001953,12449,2933,22.092,33.592,9,train
1815,E01001954,10860,2568,27.358,31.674,5,test
1816,E01001955,7472,10575,37.986,31.538,5,test
1817,E01001956,10991,5106,27.284,35.923,5,test
1818,E01001957,5374,7885,38.797,23.103,5,test
1819,E01001958,5691,9604,38.666,23.583,5,test
1820,E01001959,7828,7093,40.084,49.327,5,test
1821,E01001960,14283,4437,18.411,37.041,5,test
1822,E01001961,4555,8565,41.84,24.365,5,test
1823,E01001962,17582,6173,15.503,29.775,10,test
1824,E01001963,28875,8285,8.6,30.335,10,test
1825,E01001964,17042,3648,14.801,34.784,10,test
1826,E01001965,27579,10009,11.266,24.539,10,test
1827,E01001966,24559,3555,13.306,32.554,10,test
1828,E01001967,29550,6914,8.872,31.62,10,test
1829,E01001968,25042,6116,11.166,33.961,10,test
1830,E01001969,6768,3950,27.037,37.903,10,test
1831,E01001970,6377,8996,26.984,27.19,10,test
1832,E01001971,3357,5739,37.858,27.956,10,test
1833,E01001972,7039,6248,26.384,32.256,10,test
1834,E01001973,13162,7943,18.289,46.256,10,test
1835,E01001974,9801,2215,19.494,45.508,10,test
1836,E01001975,8282,2775,21.262,38.3,10,test
1837,E01001976,6299,4561,37.877,41.177,10,test
1838,E01001977,4153,6306,41.128,35.058,10,test
1839,E01001978,2417,2805,40.391,32.624,10,test
1840,E01001979,2196,2594,41.479,39.542,10,test
1841,E01001980,6068,8090,28.46,35.012,10,test
1842,E01001981,6726,1976,29.7,40.346,10,test
1843,E01001982,5443,5321,32.02,38.762,10,test
1844,E01001983,7989,4664,27.617,32.53,10,test
1845,E01001984,17190,9829,19.562,31.985,10,test
1846,E01001985,28833,7950,10.007,32.635,10,test
1847,E01001986,21778,5207,12.447,27.596,10,test
1848,E01001987,28993,6568,9.497,28.824,10,test
1849,E01001988,23894,8088,16.053,42.087,10,test
1850,E01001989,24899,6174,14.789,35.902,10,test
1851,E01001990,17963,3672,15.635,54.718,10,test
1852,E01001991,22274,2834,14.98,42.085,10,test
1853,E01001992,29551,5081,7.588,26.348,10,test
1854,E01001993,30478,4089,6.707,27.886,10,test
1855,E01001994,23999,7780,10.117,25.25,10,test
1856,E01001995,13041,24173,26.161,24.961,10,test
1857,E01001996,25835,5491,9.706,36.993,10,test
1858,E01001997,22766,3377,14.708,49.094,10,test
1859,E01001998,14007,2424,17.544,34.595,10,test
1860,E01001999,12360,4760,26.638,36.216,10,test
1861,E01002000,15048,4080,18.695,27.971,10,test
1862,E01002001,16316,3927,20.744,40.82,10,test
1863,E01002002,4996,1242,38.664,41.889,10,test
1864,E01002003,4444,2762,36.814,38.352,10,test
1865,E01002004,14194,5454,18.37,33.585,10,test
1866,E01002005,22058,4763,16.075,37.921,10,test
1867,E01002006,21357,5948,15.629,41.511,10,test
1868,E01002007,25258,2553,11.806,36.913,10,test
1869,E01002008,29617,4438,9.139,25.845,10,test
1870,E01002009,24906,1902,12.302,48.083,10,test
1871,E01002010,19076,6165,20.128,23.354,10,test
1872,E01002011,17490,3618,21.45,37.638,10,test
1873,E01002013,21254,3356,12.132,35.163,10,test
1874,E01002014,12820,3433,21.567,33.419,10,test
1875,E01002015,9505,8224,26.278,26.748,10,test
1876,E01002016,14684,5312,21.589,27.976,10,test
1877,E01002017,13105,4564,23.523,30.661,10,test
1878,E01002018,10769,8127,26.666,35.495,10,test
1879,E01002019,27429,4255,7.683,27.618,10,test
1880,E01002020,19774,6280,17.157,30.84,10,test
1881,E01002021,28306,6003,10.351,32.599,10,test
1882,E01002022,24255,7338,14.395,35.744,10,test
1883,E01002023,26167,3765,15.478,35.683,10,test
1884,E01002024,20471,3986,17.848,29.299,10,test
1885,E01002025,31692,6427,7.925,33.565,10,test
1886,E01002026,2373,10073,46.325,32.811,10,test
1887,E01002027,6618,7813,29.949,33.585,10,test
1888,E01002028,6384,3546,27.129,38.757,10,test
1889,E01002029,4143,5322,36.32,31.716,10,test
1890,E01002030,6697,4845,21.726,31.927,10,test
1891,E01002031,4966,2436,33.197,41.053,10,test
1892,E01002032,3786,4640,37.492,51.773,10,test
1893,E01002033,4893,3866,38.453,35.137,10,test
1894,E01002034,1758,8454,51.421,42.882,10,test
1895,E01002036,565,7517,55.03,36.289,10,test
1896,E01002037,1124,7056,44.897,30.593,10,test
1897,E01002038,879,7501,46.599,31.968,10,test
1898,E01002039,1506,14965,55.411,21.866,10,test
1899,E01002040,2279,9564,46.352,32.771,10,test
1900,E01002041,2304,6336,37.972,34.325,10,test
1901,E01002042,10609,5766,18.696,27.22,10,test
1902,E01002043,5061,2366,27.374,39.786,10,test
1903,E01002044,9938,1257,23.921,39.067,10,test
1904,E01002045,4855,13221,28.261,29.979,10,test
1905,E01002046,4892,6131,31.66,32.164,10,test
1906,E01002047,13556,1836,23.269,41.496,10,test
1907,E01002048,7356,4766,25.213,36.806,10,test
1908,E01002049,6338,9197,31.408,24.749,10,test
1909,E01002050,2994,7331,23.366,32.022,10,test
1910,E01002051,1211,2575,36.525,35.717,10,test
1911,E01002052,3544,9458,28.141,25.428,10,test
1912,E01002053,3623,6192,36.009,33.287,10,test
1913,E01002054,1990,4091,36.761,26.831,10,test
1914,E01002055,2273,1378,23.338,33.213,10,test
1915,E01002056,6679,8355,29.031,31.307,10,test
1916,E01002057,9612,6790,22.792,26.247,10,test
1917,E01002058,9282,4528,24.777,34.565,10,test
1918,E01002059,16433,12710,21.23,27.859,10,test
1919,E01002060,21884,6263,11.93,25.188,10,test
1920,E01002061,21072,3696,14.12,33.337,10,test
1921,E01002062,17959,5862,15.762,40.456,10,test
1922,E01002063,12633,4939,21.851,28.001,10,test
1923,E01002064,11144,6157,30.894,26.522,10,test
1924,E01002065,8124,3473,27.623,40.992,10,test
1925,E01002066,4622,9873,47.93,31.663,10,test
1926,E01002067,3592,6325,39.987,34.335,10,test
1927,E01002068,4585,6706,31.663,32.725,10,test
1928,E01002069,3012,2166,39.957,36.372,10,test
1929,E01002070,13140,13040,26.2,44.298,10,test
1930,E01002071,3116,3566,53.253,33.601,10,test
1931,E01002072,3942,2583,35.991,46.206,10,test
1932,E01002073,3735,4406,39.358,35.453,10,test
1933,E01002074,2721,10620,40.305,33.898,10,test
1934,E01002075,4306,6877,33.971,28.293,10,test
1935,E01002076,3369,2365,33.273,30.895,10,test
1936,E01002077,4265,4503,37.884,41.355,10,test
1937,E01002078,11250,7615,34.316,38.458,10,test
1938,E01002079,6797,5120,26.303,26.174,10,test
1939,E01002081,3626,9456,45.491,36.103,10,test
1940,E01002082,2383,11136,64.677,24.751,10,test
1941,E01002083,13603,6334,17.724,30.453,10,test
1942,E01002084,8541,6175,27.171,30.529,10,test
1943,E01002085,7915,5602,28.237,34.624,10,test
1944,E01002086,11298,10238,33.019,32.552,10,test
1945,E01002087,6796,2857,35.342,38.354,10,test
1946,E01002088,7983,5668,24.185,42.724,10,test
1947,E01002089,1791,17940,46.961,23.988,10,test
1948,E01002090,6411,13511,39.501,34.399,10,test
1949,E01002091,3117,8516,41.384,30.748,10,test
1950,E01002092,2747,11189,35.887,29.667,10,test
1951,E01002093,2225,9776,46.889,39.16,10,test
1952,E01002094,4004,5821,41.188,36.42,10,test
1953,E01002095,2991,1987,46.919,39.115,10,test
1954,E01002096,4516,8583,43.303,41.818,10,test
1955,E01002097,4384,1639,42.169,48.773,10,test
1956,E01002098,9849,2105,21.989,37.378,10,test
1957,E01002099,2005,16052,40.472,21.931,10,test
1958,E01002100,3924,4880,33.809,37.353,10,test
1959,E01002101,9516,7205,21.555,30.655,10,test
1960,E01002102,6196,3152,28.079,36.359,10,test
1961,E01002103,7047,5481,25.598,32.808,10,test
1962,E01002104,7379,6762,25.485,28.585,10,test
1963,E01002105,5014,4783,27.986,33.966,10,test
1964,E01002106,19619,11779,10.431,15.675,6,train
1965,E01002107,23491,26514,6.404,15.782,6,train
1966,E01002108,25285,25862,8.475,17.029,6,train
1967,E01002109,25322,14369,9.025,19.167,6,train
1968,E01002110,23345,16159,7.616,17.231,6,train
1969,E01002111,15439,15193,14.889,21.138,6,train
1970,E01002112,25465,17170,6.325,14.469,7,train
1971,E01002113,15304,12215,15.928,13.265,7,train
1972,E01002114,13665,19866,21.757,12.918,7,train
1973,E01002115,16535,15263,12.933,14.349,7,train
1974,E01002116,22371,10622,8.59,11.793,7,train
1975,E01002118,9428,5374,18.653,20.514,6,train
1976,E01002119,12717,12742,19.348,21.322,6,train
1977,E01002120,4675,11634,31.648,18.573,6,train
1978,E01002121,16612,11511,11.816,18.395,6,train
1979,E01002122,17568,17899,15.646,25.163,6,train
1980,E01002123,12586,8136,17.052,30.357,6,train
1981,E01002124,14725,16804,14.394,24.14,6,train
1982,E01002125,11131,7778,15.476,21.684,6,train
1983,E01002127,19572,7912,13.278,29.179,6,train
1984,E01002128,12911,4722,17.805,30.699,6,train
1985,E01002129,11714,7007,17.895,26.58,6,train
1986,E01002130,7774,9976,24.584,33.396,6,train
1987,E01002131,9982,20696,28.704,15.335,6,train
1988,E01002132,21074,9655,9.26,19.785,6,train
1989,E01002133,7729,14354,33.059,18.292,6,train
1990,E01002134,21953,14316,9.184,14.341,6,train
1991,E01002135,15197,13195,15.16,23.216,6,train
1992,E01002136,18144,5842,12.828,21.731,6,train
1993,E01002137,23969,4498,4.693,21.553,6,train
1994,E01002138,15383,11592,17.468,24.703,2,train
1995,E01002139,8112,16564,30.759,15.546,6,train
1996,E01002140,14841,18200,18.298,16.977,6,train
1997,E01002141,16640,10191,15.108,15.505,6,train
1998,E01002142,19641,10860,14.391,19.596,6,train
1999,E01002143,14372,18841,19.971,28.501,6,train
2000,E01002144,22229,11967,13.848,17.471,7,train
2001,E01002145,13850,10521,15.781,13.519,6,train
2002,E01002146,32468,16299,3.585,11.785,3,train
2003,E01002147,32161,21572,8.814,16.992,3,train
2004,E01002148,28066,15404,10.409,14.492,2,train
2005,E01002149,33700,28660,4.585,10.345,2,train
2006,E01002150,22287,11018,10.748,18.341,2,train
2007,E01002151,6830,7237,34.105,23.253,2,train
2008,E01002152,30368,13180,6.412,12.155,2,train
2009,E01002153,29834,19671,5.724,17.64,2,train
2010,E01002155,28917,10944,6.903,16.662,2,train
2011,E01002156,32143,19258,6.923,10.724,2,train
2012,E01002157,21851,9443,10.935,16.312,2,train
2013,E01002158,32966,23605,6.038,12.531,2,train
2014,E01002159,21293,15563,12.955,16.859,6,train
2015,E01002160,16123,11048,13.132,20.786,6,train
2016,E01002161,18683,10014,14.683,14.939,2,train
2017,E01002162,14137,7918,17.756,24.186,6,train
2018,E01002163,29382,15789,11.162,14.615,6,train
2019,E01002164,19731,9972,8.835,17.658,6,train
2020,E01002165,16862,13669,14.602,21.449,6,train
2021,E01002166,18758,19123,13.325,18.375,6,train
2022,E01002167,16823,16169,20.304,30.132,6,train
2023,E01002168,10692,22037,26.025,22.148,6,train
2024,E01002169,12425,7719,18.14,22.377,6,train
2025,E01002170,18040,25062,16.493,21.001,6,train
2026,E01002171,17168,14619,11.431,20.315,6,train
2027,E01002172,18979,18593,12.818,21.284,6,train
2028,E01002173,24409,23808,13.645,15.973,6,train
2029,E01002174,25649,17543,10.279,21.085,6,train
2030,E01002175,20413,12856,11.584,18.576,6,train
2031,E01002176,18628,7952,12.914,22.588,6,train
2032,E01002177,17694,12978,13.931,21.609,6,train
2033,E01002178,26515,27032,10.016,21.021,6,train
2034,E01002179,7590,9217,21.12,18.498,6,train
2035,E01002181,16412,15049,12.446,20.185,6,train
2036,E01002182,15718,10226,14.672,26.64,6,train
2037,E01002183,10783,7012,19.148,25.515,6,train
2038,E01002184,10368,10234,18.565,19.825,6,train
2039,E01002185,9779,20008,30.631,16.245,2,train
2040,E01002186,14135,8269,18.625,16.54,2,train
2041,E01002187,22312,15433,12.416,11.578,2,train
2042,E01002188,33016,14589,3.181,13.127,2,train
2043,E01002189,26207,9551,5.666,16.418,2,train
2044,E01002190,33053,29275,6.159,8.427,2,train
2045,E01002191,31694,21049,6.486,13.272,2,train
2046,E01002192,30360,10458,6.662,13.333,2,train
2047,E01002193,21995,10338,10.973,11.602,2,train
2048,E01002194,32816,19744,5.407,12.621,2,train
2049,E01002195,30217,17753,5.73,13.231,2,train
2050,E01002196,32988,24127,5.376,16.369,2,train
2051,E01002197,22510,21298,11.996,16.234,6,train
2052,E01002198,15945,10560,13.235,20.859,6,train
2053,E01002199,19306,12972,10.429,16.332,6,train
2054,E01002200,19356,10520,15.948,21.304,6,train
2055,E01002201,23266,13001,9.749,20.181,6,train
2056,E01002202,7863,7241,18.335,21.661,6,train
2057,E01002203,14689,10421,13.064,17.783,6,train
2058,E01002204,12383,7242,13.986,27.66,2,train
2059,E01002206,19623,14203,14.258,19.397,2,train
2060,E01002207,23178,22575,11.844,17.841,2,train
2061,E01002208,32960,22844,4.958,13.636,2,train
2062,E01002209,21187,7493,9.946,16.411,2,train
2063,E01002210,25049,24132,8.478,17.86,2,train
2064,E01002211,10474,19661,27.335,14.871,2,train
2065,E01002212,9490,8503,19.735,21.481,2,train
2066,E01002214,12828,14086,18.349,16.443,2,train
2067,E01002215,8593,16365,26.808,23.358,2,train
2068,E01002216,20187,21171,12.222,17.205,2,train
2069,E01002217,11621,26871,32.662,16.167,2,train
2070,E01002218,14565,12405,16.566,24.466,2,train
2071,E01002219,9446,5806,20.375,22.581,6,train
2072,E01002220,18389,15550,14.604,16.681,2,train
2073,E01002221,11037,6146,16.888,26.191,2,train
2074,E01002222,19602,13675,13.151,20.302,2,train
2075,E01002223,17932,16431,14.248,20.991,2,train
2076,E01002224,9788,8630,23.599,17.659,2,train
2077,E01002225,27541,18988,6.974,10.794,7,train
2078,E01002226,13807,11098,13.901,20.306,7,train
2079,E01002227,6864,19569,38.186,12.109,7,train
2080,E01002228,15032,25937,13.791,9.391,7,train
2081,E01002229,11859,14411,20.34,17.556,6,train
2082,E01002230,23074,22810,10.441,12.115,6,train
2083,E01002231,11908,13121,22.427,15.948,6,train
2084,E01002232,11047,11800,19.699,20.408,6,train
2085,E01002233,7345,11575,24.849,23.487,6,train
2086,E01002234,13275,14817,18.867,15.211,6,train
2087,E01002235,6817,17907,27.97,18.81,6,train
2088,E01002236,10740,14881,18.005,26.253,6,train
2089,E01002237,14692,5355,20.045,30.037,6,train
2090,E01002238,20306,5904,11.152,16.17,6,train
2091,E01002239,25859,9470,9.138,12.332,2,train
2092,E01002240,17886,8298,20.176,27.902,6,train
2093,E01002241,14784,19878,21.921,12.499,2,train
2094,E01002242,26999,15926,8.357,17.336,2,train
2095,E01002243,7336,16216,30.321,23.596,18,train
2096,E01002244,17827,9427,19.029,24.52,18,train
2097,E01002245,17359,11205,17.892,29.873,18,train
2098,E01002246,18999,12213,14.682,26.067,18,train
2099,E01002247,10554,14315,19.955,25.364,18,train
2100,E01002248,10548,10850,21.286,20.068,18,train
2101,E01002250,14617,12049,21.587,29.028,18,train
2102,E01002251,11391,12859,24.493,24.575,18,train
2103,E01002252,29003,25454,10.37,16.998,22,train
2104,E01002253,33403,23844,2.453,7.698,22,train
2105,E01002254,32891,23078,3.323,7.97,22,train
2106,E01002255,25986,16924,8.345,8.309,18,train
2107,E01002256,30439,21946,6.437,10.118,22,train
2108,E01002257,32941,14960,4.228,10.845,18,train
2109,E01002258,17055,20950,14.889,13.449,22,train
2110,E01002259,28020,15762,7.442,12.728,22,train
2111,E01002260,22594,16991,12.075,13.69,18,train
2112,E01002261,20956,11444,13.701,25.072,18,train
2113,E01002262,20672,23821,16.019,19.854,18,train
2114,E01002263,28079,21106,7.854,10.894,18,train
2115,E01002264,6526,21951,32.066,19.819,18,train
2116,E01002265,25792,19020,11.656,17.556,18,train
2117,E01002266,22404,19642,15.126,18.407,18,train
2118,E01002267,13572,22949,26.107,13.47,18,train
2119,E01002268,23257,19706,11.623,11.147,18,train
2120,E01002269,24036,19493,8.709,8.298,18,train
2121,E01002270,30778,25773,6.589,8.043,18,train
2122,E01002271,32396,32153,7.906,9.427,18,train
2123,E01002272,27834,18884,9.268,24.232,18,train
2124,E01002273,25848,25254,10.411,7.948,18,train
2125,E01002274,27793,17919,7.551,11.489,18,train
2126,E01002275,30380,25316,8.32,9.631,18,train
2127,E01002276,8871,22750,29.634,16.13,19,train
2128,E01002277,8018,13659,33.413,18.184,19,train
2129,E01002278,7441,22486,33.021,12.946,19,train
2130,E01002279,10208,21418,25.274,13.368,19,train
2131,E01002280,3598,16360,49.966,11.147,19,train
2132,E01002281,6428,21485,33.762,13.369,19,train
2133,E01002282,2757,18764,40.164,14.008,19,train
2134,E01002283,10258,16529,30.523,17.888,18,train
2135,E01002284,10006,19389,29.637,14.685,19,train
2136,E01002285,31994,27007,7.135,13.035,18,train
2137,E01002286,32980,30604,5.332,9.263,18,train
2138,E01002287,27922,15543,9.054,22.6,18,train
2139,E01002288,31002,29609,6.5,9.236,18,train
2140,E01002289,26252,20499,9.285,14.871,18,train
2141,E01002290,30142,22736,7.741,11.476,18,train
2142,E01002291,22590,9475,9.644,24.03,18,train
2143,E01002292,16575,22887,18.192,12.019,18,train
2144,E01002294,24125,18252,9.006,11.059,18,train
2145,E01002295,19647,19797,16.189,11.168,18,train
2146,E01002296,20045,10200,13.232,16.874,22,train
2147,E01002297,5110,17080,38.58,19.469,18,train
2148,E01002298,20933,14065,11.631,15.493,18,train
2149,E01002299,14942,17509,19.999,17.524,18,train
2150,E01002300,26174,17617,10.482,18.243,18,train
2151,E01002301,21528,21202,12.127,12.905,18,train
2152,E01002302,21141,17461,18.365,15.672,18,train
2153,E01002303,9970,24093,31.035,14.302,18,train
2154,E01002304,15083,11777,22.295,15.435,19,train
2155,E01002305,16275,20536,18.156,9.018,19,train
2156,E01002306,6710,23384,31.249,15.032,19,train
2157,E01002307,14081,17961,20.131,10.696,19,train
2158,E01002308,12600,28727,24.518,10.54,18,train
2159,E01002309,11880,19201,22.808,13.863,18,train
2160,E01002310,5153,15871,39.544,13.298,18,train
2161,E01002311,11239,26961,26.235,14.293,18,train
2162,E01002312,11119,20433,27.707,15.616,19,train
2163,E01002313,10062,26690,25.67,17.662,19,train
2164,E01002314,5129,20356,39.909,12.515,19,train
2165,E01002315,11452,18729,22.92,13.86,18,train
2166,E01002316,3388,19891,40.727,9.139,18,train
2167,E01002317,32679,29685,5.481,12.96,18,train
2168,E01002318,29216,23698,8.47,13.76,18,train
2169,E01002319,12096,13154,16.802,22.052,18,train
2170,E01002320,29458,26881,8.93,18.458,18,train
2171,E01002321,27106,21607,9.518,14.45,18,train
2172,E01002322,28996,25574,7.706,16.56,18,train
2173,E01002323,28786,17203,11.889,17.619,18,train
2174,E01002324,17013,24068,22.052,11.509,18,train
2175,E01002325,10382,18518,26.639,18.469,18,train
2176,E01002326,12228,12683,19.584,20.288,18,train
2177,E01002327,21405,24158,15.455,19.968,18,train
2178,E01002328,27080,16125,10.024,17.656,18,train
2179,E01002329,21722,15040,15.543,24.792,18,train
2180,E01002330,13696,15623,18.943,21.295,18,train
2181,E01002331,21607,19592,15.434,16.635,18,train
2182,E01002332,19686,26331,14.821,12.418,18,train
2183,E01002333,30375,23537,8.49,12.429,18,train
2184,E01002334,27719,20349,11.33,11.144,18,train
2185,E01002335,14892,18336,16.434,14.533,18,train
2186,E01002336,22721,14299,13.0,22.319,18,train
2187,E01002337,24011,10990,13.698,16.156,18,train
2188,E01002338,21148,13411,11.62,15.769,18,train
2189,E01002339,31680,26097,5.785,11.22,18,train
2190,E01002340,28146,22190,8.668,18.359,18,train
2191,E01002341,28081,20391,10.788,10.748,18,train
2192,E01002342,12470,12477,19.728,21.131,18,train
2193,E01002343,23283,24469,13.207,11.401,18,train
2194,E01002344,14210,13731,19.839,19.582,17,train
2195,E01002345,8218,8846,30.318,34.024,18,train
2196,E01002346,11222,8556,25.573,21.911,18,train
2197,E01002347,20494,16416,14.333,17.604,18,train
2198,E01002348,23598,21390,10.11,11.387,18,train
2199,E01002349,18070,23363,13.9,10.947,18,train
2200,E01002350,8790,7858,26.331,27.289,18,train
2201,E01002351,20982,8402,11.81,29.274,18,train
2202,E01002352,15309,11187,17.934,20.181,18,train
2203,E01002353,16145,11775,15.297,21.85,18,train
2204,E01002354,31482,16123,5.021,12.133,18,train
2205,E01002355,32722,23104,6.409,13.463,18,train
2206,E01002356,5388,8721,33.713,26.155,18,train
2207,E01002358,15787,6859,16.44,31.638,18,train
2208,E01002359,30743,21530,7.02,17.049,18,train
2209,E01002360,16581,7369,13.793,17.501,18,train
2210,E01002361,13789,8650,19.361,20.179,18,train
2211,E01002362,28009,11626,6.861,14.053,18,train
2212,E01002363,15932,16279,18.359,13.514,18,train
2213,E01002364,30065,18749,6.955,15.021,18,train
2214,E01002365,19447,11746,13.525,21.11,18,train
2215,E01002366,24099,19418,11.057,15.905,18,train
2216,E01002367,23821,12166,9.687,14.992,18,train
2217,E01002368,7332,14090,39.103,36.191,18,train
2218,E01002369,15648,15991,21.384,13.95,18,train
2219,E01002370,10143,17329,29.558,24.834,18,train
2220,E01002371,19466,13908,16.24,19.905,18,train
2221,E01002372,24451,20024,10.822,12.401,18,train
2222,E01002373,20032,15562,13.847,12.695,18,train
2223,E01002374,15537,12775,16.712,15.916,18,train
2224,E01002375,9279,14837,28.938,20.534,18,train
2225,E01002376,32678,19071,6.826,12.295,18,train
2226,E01002377,21714,12263,12.885,18.721,18,train
2227,E01002378,28937,27479,8.009,16.413,18,train
2228,E01002379,22606,8725,6.561,18.477,18,train
2229,E01002380,12599,19296,16.974,10.76,18,train
2230,E01002381,19732,11068,13.35,18.317,18,train
2231,E01002382,25923,13578,8.19,19.838,18,train
2232,E01002383,25315,10904,8.309,15.653,18,train
2233,E01002384,30526,12429,7.011,17.872,22,train
2234,E01002385,28635,14428,13.766,21.791,22,train
2235,E01002386,21746,10218,7.828,18.274,18,train
2236,E01002387,33677,30746,4.519,11.352,22,train
2237,E01002388,33640,27792,2.326,9.815,18,train
2238,E01002389,33014,28676,4.429,8.795,18,train
2239,E01002390,33507,26634,3.16,11.124,18,train
2240,E01002392,4896,21484,35.128,14.363,2,train
2241,E01002393,11000,18629,22.759,24.707,2,train
2242,E01002394,11958,20628,18.977,19.639,2,train
2243,E01002395,13431,15995,21.55,20.91,2,train
2244,E01002396,9760,11290,28.627,25.663,2,train
2245,E01002397,5423,8297,26.362,32.654,2,train
2246,E01002398,14114,17946,21.185,20.915,2,train
2247,E01002399,14426,14778,19.66,19.324,2,train
2248,E01002400,9700,13175,26.723,23.592,1,train
2249,E01002401,9029,12306,26.638,21.325,2,train
2250,E01002402,8228,9881,24.386,27.295,2,train
2251,E01002403,8658,21238,26.617,19.887,2,train
2252,E01002404,6491,16055,29.688,17.901,1,train
2253,E01002405,9773,12006,23.452,20.94,1,train
2254,E01002408,5637,11063,31.015,26.919,2,train
2255,E01002409,11207,10193,22.359,26.73,2,train
2256,E01002410,14242,8100,15.825,16.459,2,train
2257,E01002411,13564,18411,23.999,18.05,2,train
2258,E01002412,16920,18845,13.287,14.154,2,train
2259,E01002413,6971,14383,30.67,21.388,2,train
2260,E01002414,24545,17322,8.777,16.823,2,train
2261,E01002415,30961,20430,6.957,16.253,2,train
2262,E01002416,29854,24403,7.256,16.092,2,train
2263,E01002417,29235,12822,6.56,15.09,2,train
2264,E01002418,23561,18755,11.922,10.408,2,train
2265,E01002419,29820,11282,5.501,12.911,2,train
2266,E01002420,21347,28947,13.784,10.034,2,train
2267,E01002421,24901,17968,8.993,17.127,2,train
2268,E01002422,12215,13012,15.824,30.704,2,train
2269,E01002423,13258,12322,13.735,20.645,2,train
2270,E01002424,14834,13574,13.456,21.44,2,train
2271,E01002425,8666,16101,23.941,21.86,2,train
2272,E01002426,11868,10766,17.74,27.953,2,train
2273,E01002427,18252,10406,13.203,22.338,2,train
2274,E01002428,18827,25962,12.152,12.978,2,train
2275,E01002429,8217,25532,30.131,18.145,2,train
2276,E01002430,33336,26893,6.105,12.302,2,train
2277,E01002431,33681,27115,4.924,15.554,2,train
2278,E01002432,24980,10606,6.636,16.831,2,train
2279,E01002433,18387,21318,16.922,15.609,2,train
2280,E01002434,31550,14511,5.524,18.483,2,train
2281,E01002435,32397,14543,4.163,16.047,2,train
2282,E01002436,24308,16731,10.954,15.094,2,train
2283,E01002437,32308,13497,5.755,13.999,2,train
2284,E01002438,19419,25853,12.569,7.537,3,train
2285,E01002439,14195,10857,17.002,11.212,2,train
2286,E01002440,11548,23550,20.207,8.485,2,train
2287,E01002441,8381,11467,23.701,12.422,2,train
2288,E01002442,9934,16138,23.76,11.138,2,train
2289,E01002443,9065,3030,19.901,30.335,1,train
2290,E01002444,6626,1903,22.563,31.326,1,train
2291,E01002445,4178,9956,30.41,19.249,1,train
2292,E01002446,13068,7083,21.888,28.307,1,train
2293,E01002447,8232,3710,24.211,45.231,1,train
2294,E01002448,9114,5571,18.249,38.913,1,train
2295,E01002449,6714,6227,21.375,21.962,1,train
2296,E01002450,23296,16732,7.627,17.04,2,train
2297,E01002451,24751,16752,7.125,14.461,2,train
2298,E01002452,21051,11832,9.387,26.297,2,train
2299,E01002453,20889,19965,11.258,26.166,2,train
2300,E01002454,12835,17583,19.651,16.269,2,train
2301,E01002455,11135,7919,20.172,18.656,2,train
2302,E01002456,14252,13214,19.196,27.403,2,train
2303,E01002457,7864,16236,26.837,17.925,2,train
2304,E01002458,31666,19913,7.08,13.815,2,train
2305,E01002459,32999,24994,3.738,11.699,2,train
2306,E01002460,27540,9662,6.577,18.729,2,train
2307,E01002461,26355,20456,10.271,12.503,2,train
2308,E01002462,31487,22785,6.945,10.974,2,train
2309,E01002463,29733,14232,7.321,10.789,2,train
2310,E01002464,29201,23766,6.369,11.706,2,train
2311,E01002465,19198,9592,10.44,15.788,2,train
2312,E01002466,29410,21121,7.607,20.695,2,train
2313,E01002467,30663,13575,5.772,12.029,2,train
2314,E01002468,29133,14442,6.832,19.147,2,train
2315,E01002469,31046,12927,7.97,24.295,2,train
2316,E01002470,19610,8532,10.721,23.759,2,train
2317,E01002471,30571,12459,7.311,19.506,2,train
2318,E01002472,24332,14290,8.241,10.391,2,train
2319,E01002473,23624,26001,15.968,10.221,2,train
2320,E01002474,25216,12749,10.473,16.327,2,train
2321,E01002475,17863,16837,17.647,8.68,3,train
2322,E01002476,32265,22113,4.554,9.188,3,train
2323,E01002477,25122,18089,9.978,8.477,3,train
2324,E01002478,23833,9004,7.519,10.553,2,train
2325,E01002479,15809,19716,19.628,10.021,2,train
2326,E01002480,31918,22696,4.074,8.196,2,train
2327,E01002481,13755,17826,19.065,10.206,2,train
2328,E01002482,33048,20331,3.114,10.006,2,train
2329,E01002483,17632,11215,9.321,14.664,2,train
2330,E01002484,13964,14452,21.292,23.935,2,train
2331,E01002485,14067,10136,15.274,21.939,2,train
2332,E01002486,7693,14948,24.901,24.115,1,train
2333,E01002487,9561,3748,24.08,27.655,1,train
2334,E01002488,12652,8579,18.599,24.637,1,train
2335,E01002489,13165,9930,15.991,22.817,1,train
2336,E01002490,11014,4495,21.801,38.502,1,train
2337,E01002491,8452,10139,26.093,24.799,1,train
2338,E01002492,13321,9244,21.072,30.028,1,train
2339,E01002493,5713,12310,31.917,16.568,1,train
2340,E01002494,21868,14231,11.192,19.851,2,train
2341,E01002495,22638,17048,10.037,19.432,2,train
2342,E01002496,13516,7240,16.8,30.401,2,train
2343,E01002497,14446,12894,15.001,22.452,2,train
2344,E01002498,25719,12009,8.295,19.62,2,train
2345,E01002499,16221,10028,12.74,17.849,2,train
2346,E01002501,13014,13432,21.242,21.49,1,train
2347,E01002502,11350,21612,29.205,18.778,1,train
2348,E01002503,7006,14392,30.981,29.414,1,train
2349,E01002505,5111,6755,36.03,33.532,1,train
2350,E01002506,3886,7356,32.981,26.015,1,train
2351,E01002507,12042,17597,21.013,24.254,1,train
2352,E01002508,6346,10135,34.585,26.786,2,train
2353,E01002509,30792,18519,8.183,20.058,2,train
2354,E01002511,13210,13176,23.569,17.132,2,train
2355,E01002512,26799,17788,6.058,13.994,2,train
2356,E01002513,22548,9946,12.172,16.038,2,train
2357,E01002514,15282,10494,12.343,23.743,2,train
2358,E01002516,28973,18312,7.515,14.381,2,train
2359,E01002518,17747,7571,10.195,17.805,2,train
2360,E01002519,11038,14336,29.904,29.51,2,train
2361,E01002520,9560,13833,19.737,16.497,2,train
2362,E01002521,5904,9520,29.236,17.137,2,train
2363,E01002523,15119,5590,17.141,31.496,2,train
2364,E01002525,13354,9083,19.294,34.789,1,train
2365,E01002526,11296,18324,28.751,21.875,1,train
2366,E01002527,5670,10162,27.692,20.806,1,train
2367,E01002528,5513,16317,35.075,24.407,1,train
2368,E01002529,8611,9874,20.428,20.292,1,train
2369,E01002530,4247,14201,35.344,21.376,1,train
2370,E01002531,15104,10450,17.549,16.08,1,train
2371,E01002533,16014,26756,17.077,11.012,2,train
2372,E01002534,28192,17803,9.663,14.535,2,train
2373,E01002535,24934,11627,8.346,23.299,2,train
2374,E01002536,25340,18277,9.06,13.156,2,train
2375,E01002537,27737,21852,7.147,12.852,2,train
2376,E01002538,18881,18883,12.169,11.587,2,train
2377,E01002539,28764,14277,7.115,11.795,2,train
2378,E01002540,6898,19287,27.799,15.183,2,train
2379,E01002541,14520,26748,14.753,12.728,2,train
2380,E01002542,4931,14649,29.802,19.581,2,train
2381,E01002543,8143,18801,30.671,24.996,2,train
2382,E01002544,19003,27038,14.322,12.643,2,train
2383,E01002545,3860,23661,42.956,14.518,2,train
2384,E01002546,14287,11463,19.602,31.309,1,train
2385,E01002547,9850,17148,25.05,19.66,1,train
2386,E01002548,9454,15382,32.004,21.385,1,train
2387,E01002549,10908,12715,21.154,20.021,2,train
2388,E01002550,8991,23468,29.539,23.356,2,train
2389,E01002551,11330,19178,21.816,17.919,2,train
2390,E01002552,8500,11028,29.289,20.776,1,train
2391,E01002553,6577,12494,36.121,17.543,1,train
2392,E01002555,12448,6629,14.607,24.57,1,train
2393,E01002556,12572,6089,16.965,30.708,1,train
2394,E01002557,9012,10340,25.437,30.515,1,train
2395,E01002558,6160,12373,23.82,30.085,1,train
2396,E01002559,8702,15734,25.75,27.645,1,train
2397,E01002560,9717,12432,28.577,18.245,1,train
2398,E01002561,6660,27500,34.677,14.183,1,train
2399,E01002562,6896,7139,32.826,38.376,5,test
2400,E01002563,18778,5692,15.794,42.798,5,test
2401,E01002564,8254,5727,34.25,33.455,5,test
2402,E01002565,13103,10826,18.186,58.826,5,test
2403,E01002567,14462,1807,21.331,46.365,5,test
2404,E01002569,27173,8262,9.196,29.995,5,test
2405,E01002570,18050,1486,13.41,37.983,5,test
2406,E01002571,31077,11804,5.356,22.395,5,test
2407,E01002572,7963,10964,30.321,19.508,5,test
2408,E01002573,23538,895,12.117,46.688,5,test
2409,E01002574,23721,1124,10.811,34.972,5,test
2410,E01002575,24387,1356,7.341,28.066,5,test
2411,E01002576,13670,3912,21.712,33.776,5,test
2412,E01002577,21348,1705,12.295,35.124,5,test
2413,E01002578,21470,4009,10.479,29.545,5,test
2414,E01002579,22356,4770,9.854,24.71,5,test
2415,E01002580,13277,3816,24.639,41.556,5,test
2416,E01002581,19735,2976,11.422,21.004,5,test
2417,E01002582,24108,3783,12.129,22.949,5,test
2418,E01002583,8946,6645,23.659,31.86,1,train
2419,E01002584,8668,8785,18.791,28.767,1,train
2420,E01002585,7459,7319,28.48,29.587,1,train
2421,E01002586,12209,7909,16.639,33.771,1,train
2422,E01002587,7916,6435,24.141,30.936,1,train
2423,E01002588,3146,8795,37.79,16.067,1,train
2424,E01002589,7605,11385,23.215,19.017,1,train
2425,E01002590,9136,11283,18.708,29.748,1,train
2426,E01002591,10084,16915,21.737,23.268,1,train
2427,E01002592,8423,6915,24.445,22.714,1,train
2428,E01002593,9823,5057,23.759,29.868,1,train
2429,E01002594,11891,8487,21.842,24.985,1,train
2430,E01002595,7551,7032,27.052,28.11,1,train
2431,E01002596,10126,19893,24.229,31.041,1,train
2432,E01002598,9227,12722,25.724,33.959,1,train
2433,E01002599,9559,15554,26.574,18.987,1,train
2434,E01002600,10934,20729,27.138,32.556,1,train
2435,E01002601,11916,16631,16.844,16.301,1,train
2436,E01002602,16648,22548,15.557,25.741,1,train
2437,E01002603,10968,22359,26.622,14.123,1,train
2438,E01002604,3328,17627,35.261,16.516,1,train
2439,E01002605,5424,8158,31.415,37.542,1,train
2440,E01002606,5780,14723,38.199,24.566,1,train
2441,E01002607,10645,9357,21.091,28.202,1,train
2442,E01002608,5617,10149,30.406,18.834,1,train
2443,E01002609,16267,9464,15.969,31.54,1,train
2444,E01002610,7501,14365,26.724,16.898,1,train
2445,E01002611,11934,7988,21.015,30.483,1,train
2446,E01002612,8603,6162,26.874,30.987,1,train
2447,E01002613,12772,8703,18.663,28.375,1,train
2448,E01002614,14590,18076,14.622,21.121,1,train
2449,E01002615,5762,13150,35.997,19.272,1,train
2450,E01002616,14713,14828,17.155,24.358,1,train
2451,E01002617,18585,9384,13.082,21.92,1,train
2452,E01002618,15468,7995,16.027,29.869,1,train
2453,E01002619,12423,5926,18.826,26.614,1,train
2454,E01002620,7079,11430,25.894,30.595,1,train
2455,E01002621,9040,5371,20.065,30.217,1,train
2456,E01002622,12093,5353,22.887,26.462,1,train
2457,E01002623,7509,6487,28.246,25.124,1,train
2458,E01002624,7880,2557,21.671,40.185,1,train
2459,E01002625,12286,7248,16.44,29.301,1,train
2460,E01002626,12716,7243,18.608,25.6,1,train
2461,E01002627,5796,13111,28.971,16.808,1,train
2462,E01002628,12388,5209,17.193,28.64,1,train
2463,E01002629,12295,7098,23.111,32.64,1,train
2464,E01002630,11797,3943,17.06,34.0,5,test
2465,E01002631,9640,8216,23.712,27.843,1,train
2466,E01002632,12502,6265,19.386,31.447,1,train
2467,E01002633,5409,11484,38.259,24.47,1,train
2468,E01002634,4359,10083,32.83,18.671,1,train
2469,E01002635,12210,4521,20.411,30.673,1,train
2470,E01002636,12201,6830,16.552,25.373,1,train
2471,E01002637,5748,9703,31.385,34.83,1,train
2472,E01002638,6437,12390,30.834,19.909,1,train
2473,E01002639,13326,5412,14.789,25.048,5,test
2474,E01002640,13209,2007,18.568,28.601,1,train
2475,E01002641,10325,5470,26.128,36.113,1,train
2476,E01002643,10241,8751,22.949,36.219,5,test
2477,E01002645,8162,2505,25.375,39.972,5,test
2478,E01002646,5552,9354,29.885,31.453,1,train
2479,E01002647,7623,7880,23.875,23.868,1,train
2480,E01002649,5062,2479,26.623,38.329,1,train
2481,E01002650,8589,9912,23.751,26.123,1,train
2482,E01002651,9772,2638,19.225,25.576,1,train
2483,E01002652,10235,3607,18.402,27.872,1,train
2484,E01002653,16891,4959,14.702,29.473,5,test
2485,E01002654,18515,10130,14.654,30.802,5,test
2486,E01002655,18054,4993,12.671,32.973,5,test
2487,E01002656,24235,15736,14.958,26.382,5,test
2488,E01002657,18809,4448,8.719,24.779,1,train
2489,E01002658,23973,4819,9.969,20.277,5,test
2490,E01002659,17845,4715,14.745,24.279,5,test
2491,E01002660,9747,3991,18.802,29.1,1,train
2492,E01002661,10276,3935,16.528,27.701,1,train
2493,E01002662,11970,3789,17.234,43.684,1,train
2494,E01002663,9076,5222,21.955,22.978,1,train
2495,E01002665,6474,6127,23.173,26.992,1,train
2496,E01002666,13623,9318,17.794,26.951,1,train
2497,E01002667,14832,11987,20.952,23.138,5,test
2498,E01002668,14862,10276,15.455,19.644,5,test
2499,E01002669,6063,4974,38.698,36.975,5,test
2500,E01002670,18157,5998,15.821,31.2,5,test
2501,E01002671,18493,4299,17.739,38.087,5,test
2502,E01002672,10484,8156,26.691,24.788,5,test
2503,E01002673,1815,12209,49.21,15.573,5,test
2504,E01002674,20743,5266,14.573,31.301,5,test
2505,E01002675,22465,7133,13.828,21.117,5,test
2506,E01002676,21723,3998,15.65,28.243,5,test
2507,E01002677,13648,4622,19.551,33.459,5,test
2508,E01002678,21097,7663,11.412,26.329,5,test
2509,E01002679,20381,7704,13.359,30.727,5,test
2510,E01002680,16821,3332,16.185,35.811,5,test
2511,E01002681,8627,9602,26.437,23.295,5,test
2512,E01002682,13276,6505,18.175,33.058,5,test
2513,E01002686,3624,5820,37.807,22.725,5,test
2514,E01002687,20030,1880,11.415,28.527,5,test
2515,E01002689,15324,6012,19.261,31.463,5,test
2516,E01002690,22343,4010,10.253,34.205,5,test
2517,E01002691,22251,4579,10.73,28.2,5,test
2518,E01002692,18327,7535,16.106,37.792,5,test
2519,E01002693,19207,4691,15.502,32.468,5,test
2520,E01002694,6011,6230,42.957,32.736,10,test
2521,E01002695,10885,6034,22.394,34.132,10,test
2522,E01002696,13419,1922,20.191,47.584,10,test
2523,E01002697,11223,7461,31.847,32.232,10,test
2524,E01002698,13432,6076,17.454,30.939,10,test
2525,E01002699,12017,4907,19.741,33.267,10,test
2526,E01002700,19974,1259,13.447,40.659,10,test
2527,E01002701,6911,1788,27.789,44.139,10,test
2528,E01002702,9606,6504,29.535,36.14,10,test
2529,E01002703,10373,11286,27.328,34.606,10,test
2530,E01002704,12063,7677,22.281,33.543,10,test
2531,E01002706,11377,4816,24.912,44.149,10,test
2532,E01002707,11289,5040,25.684,50.036,10,test
2533,E01002708,10509,12051,29.96,34.33,10,test
2534,E01002709,8585,10952,35.167,33.269,10,test
2535,E01002710,7460,5726,30.958,30.687,10,test
2536,E01002711,14656,5676,21.801,39.811,10,test
2537,E01002712,9007,6509,27.046,30.793,10,test
2538,E01002713,6490,9902,44.476,27.508,10,test
2539,E01002714,16109,1944,14.035,37.528,10,test
2540,E01002715,5066,9242,38.505,26.58,10,test
2541,E01002716,4796,7378,34.594,30.582,10,test
2542,E01002717,14352,9449,22.402,30.601,10,test
2543,E01002718,15418,1743,19.385,44.597,10,test
2544,E01002719,18134,3952,16.71,28.609,10,test
2545,E01002720,3368,10455,40.041,26.837,10,test
2546,E01002721,9642,6272,28.168,35.432,10,test
2547,E01002722,5955,4595,36.798,36.328,10,test
2548,E01002723,9287,4302,28.536,34.024,10,test
2549,E01002724,23903,4051,14.573,53.924,10,test
2550,E01002725,7524,5597,29.084,36.865,10,test
2551,E01002726,11280,3413,24.493,35.243,10,test
2552,E01002727,11973,2084,26.051,46.351,10,test
2553,E01002728,11676,4059,27.235,35.2,10,test
2554,E01002729,9697,1374,31.027,56.134,10,test
2555,E01002730,7461,2316,30.4,39.097,10,test
2556,E01002732,2952,8483,47.055,29.832,10,test
2557,E01002733,18978,7986,18.532,33.207,10,test
2558,E01002734,4364,6351,40.543,36.243,10,test
2559,E01002735,10904,4392,33.51,38.07,10,test
2560,E01002736,2854,22400,45.005,22.471,10,test
2561,E01002737,4322,9828,35.801,23.924,10,test
2562,E01002738,14265,6413,24.682,34.201,10,test
2563,E01002739,16765,2860,17.378,41.214,10,test
2564,E01002740,23449,3423,16.104,43.196,10,test
2565,E01002741,4519,13189,34.846,24.06,10,test
2566,E01002742,24667,7217,15.801,39.527,10,test
2567,E01002743,15417,5825,19.06,34.123,10,test
2568,E01002744,15558,7725,17.889,26.629,10,test
2569,E01002745,18215,7477,15.807,27.058,10,test
2570,E01002747,18412,2890,13.325,30.233,10,test
2571,E01002748,5089,4211,39.897,36.588,10,test
2572,E01002749,13728,9374,22.829,36.054,10,test
2573,E01002751,2455,1351,38.0,53.251,10,test
2574,E01002752,14512,7268,22.426,27.8,10,test
2575,E01002753,9129,14374,29.443,24.201,10,test
2576,E01002754,16427,2155,16.43,22.93,10,test
2577,E01002755,4112,9500,39.869,22.433,10,test
2578,E01002756,9754,5404,27.776,37.351,10,test
2579,E01002757,10416,9170,24.102,25.27,10,test
2580,E01002758,4027,7671,44.134,26.329,10,test
2581,E01002759,15713,5192,20.645,25.586,10,test
2582,E01002760,6188,13720,38.826,23.633,10,test
2583,E01002762,15744,4383,20.717,35.645,10,test
2584,E01002763,7197,4953,33.113,35.277,10,test
2585,E01002764,10898,8960,30.946,40.609,10,test
2586,E01002765,8773,11666,28.236,27.971,10,test
2587,E01002766,8472,12794,31.553,28.901,10,test
2588,E01002767,7687,4356,36.783,31.45,10,test
2589,E01002768,10232,7375,29.312,34.57,10,test
2590,E01002769,17900,8130,20.118,36.401,10,test
2591,E01002770,12879,7569,29.977,44.516,10,test
2592,E01002771,10170,4629,27.333,31.413,10,test
2593,E01002772,9526,5414,28.721,38.525,10,test
2594,E01002773,5195,16186,50.095,26.805,10,test
2595,E01002774,8835,3306,30.891,33.271,10,test
2596,E01002775,12567,3650,22.198,34.606,10,test
2597,E01002776,9312,5025,32.142,44.237,10,test
2598,E01002777,12469,5350,27.576,43.662,10,test
2599,E01002778,6297,5580,39.066,31.053,10,test
2600,E01002779,13967,2907,18.595,28.816,10,test
2601,E01002780,9968,3233,26.351,32.161,10,test
2602,E01002781,13674,11550,28.936,24.352,10,test
2603,E01002782,4489,6905,37.168,24.673,10,test
2604,E01002783,4397,7771,46.454,31.146,10,test
2605,E01002784,6672,9019,34.3,22.758,10,test
2606,E01002785,15890,2032,18.889,44.951,10,test
2607,E01002786,5526,4469,36.106,29.836,10,test
2608,E01002787,10360,7373,32.105,38.648,10,test
2609,E01002788,16786,4863,16.985,29.307,10,test
2610,E01002789,21087,3434,13.703,34.467,10,test
2611,E01002790,3179,1254,42.268,33.035,10,test
2612,E01002791,16182,3455,13.879,32.805,10,test
2613,E01002792,17534,4429,16.098,36.347,10,test
2614,E01002793,6222,1867,36.247,37.118,10,test
2615,E01002794,15829,4505,22.216,46.461,10,test
2616,E01002795,7852,4260,25.019,35.08,10,test
2617,E01002796,8537,1857,23.575,37.95,10,test
2618,E01002797,6951,8505,32.118,32.236,10,test
2619,E01002798,15447,2522,21.479,32.049,10,test
2620,E01002799,8730,8342,32.282,41.053,10,test
2621,E01002800,12073,16881,38.934,44.849,10,test
2622,E01002801,15078,2825,16.852,48.496,10,test
2623,E01002802,14147,9343,25.903,44.442,10,test
2624,E01002804,3793,4748,37.376,23.73,10,test
2625,E01002805,9589,4082,22.828,27.294,10,test
2626,E01002806,11540,5490,26.952,29.839,10,test
2627,E01002807,5438,9286,31.573,26.288,10,test
2628,E01002808,8470,8921,24.642,30.996,10,test
2629,E01002809,9080,4604,31.444,30.743,10,test
2630,E01002810,6261,5246,33.321,28.134,10,test
2631,E01002811,5938,8548,38.606,32.502,10,test
2632,E01002812,29940,9246,11.548,44.313,9,train
2633,E01002813,26149,735,10.093,42.321,9,train
2634,E01002814,12020,8353,25.028,37.424,9,train
2635,E01002815,19131,1849,18.289,46.885,9,train
2636,E01002816,24543,677,11.528,46.218,9,train
2637,E01002817,25616,1145,10.4,44.603,9,train
2638,E01002818,22835,612,12.656,46.568,9,train
2639,E01002819,21852,597,11.072,46.188,9,train
2640,E01002821,22200,167,10.933,44.36,9,train
2641,E01002823,9344,3115,28.418,39.222,9,train
2642,E01002824,27456,1644,10.045,47.261,9,train
2643,E01002825,28187,5162,9.697,41.394,9,train
2644,E01002826,24202,959,10.756,48.068,9,train
2645,E01002827,23439,225,12.075,56.329,9,train
2646,E01002828,22066,1421,16.243,43.711,9,train
2647,E01002829,7598,3211,34.531,43.895,10,test
2648,E01002830,7438,4440,35.373,35.908,10,test
2649,E01002831,5302,1747,36.708,44.809,6,train
2650,E01002832,10231,5858,31.366,42.846,9,train
2651,E01002833,16105,984,19.197,44.971,5,test
2652,E01002834,21687,369,15.607,59.749,9,train
2653,E01002835,22401,354,10.461,46.196,9,train
2654,E01002836,24798,1213,11.093,38.498,9,train
2655,E01002837,24678,33,13.106,64.577,9,train
2656,E01002839,12303,46,25.779,56.015,9,train
2657,E01002840,3548,2100,37.672,40.423,9,train
2658,E01002841,9985,941,26.462,34.611,9,train
2659,E01002842,3190,7608,47.396,33.006,9,train
2660,E01002843,3909,4405,42.608,32.402,9,train
2661,E01002844,19226,749,17.02,47.661,9,train
2662,E01002845,10009,316,21.021,44.78,9,train
2663,E01002846,10480,3012,30.857,37.811,9,train
2664,E01002847,16750,1358,22.142,46.657,9,train
2665,E01002848,10503,875,29.533,48.882,9,train
2666,E01002849,17996,769,17.215,41.979,9,train
2667,E01002850,13121,1249,23.704,48.847,9,train
2668,E01002851,3881,726,39.773,40.602,9,train
2669,E01002852,5333,10522,41.748,36.044,6,train
2670,E01002853,8762,11662,57.097,35.022,6,train
2671,E01002854,3379,4194,45.147,33.708,6,train
2672,E01002855,3918,7923,45.479,32.344,6,train
2673,E01002856,4498,1104,37.842,51.618,6,train
2674,E01002857,3581,5738,59.009,30.124,6,train
2675,E01002858,13447,1178,23.406,43.757,9,train
2676,E01002859,25158,786,10.18,45.602,9,train
2677,E01002860,23591,214,11.416,56.816,9,train
2678,E01002861,17662,1091,15.041,45.13,9,train
2679,E01002862,9450,5203,26.044,44.617,9,train
2680,E01002863,26347,1349,9.933,37.958,9,train
2681,E01002864,28589,2722,9.506,33.383,9,train
2682,E01002865,27934,1700,7.26,36.04,9,train
2683,E01002866,19358,3826,20.684,32.919,5,test
2684,E01002867,11161,3083,22.328,36.53,5,test
2685,E01002868,29340,2364,9.26,33.642,5,test
2686,E01002869,16418,1537,19.675,37.065,5,test
2687,E01002870,5610,8377,41.357,28.105,5,test
2688,E01002871,24068,574,11.335,50.965,5,test
2689,E01002872,6306,5880,38.9,33.443,5,test
2690,E01002873,18073,958,19.842,42.643,5,test
2691,E01002874,14592,2217,20.025,42.329,5,test
2692,E01002875,27470,3389,14.928,44.352,5,test
2693,E01002876,19693,3077,20.135,39.859,6,train
2694,E01002877,7796,9924,41.177,34.629,5,test
2695,E01002878,7089,2170,33.862,37.329,6,train
2696,E01002879,9438,5199,41.706,33.492,5,test
2697,E01002880,3862,14964,44.248,29.803,5,test
2698,E01002881,6185,9508,40.49,30.249,5,test
2699,E01002882,15841,2056,17.09,41.17,9,train
2700,E01002883,23203,1033,11.744,45.224,9,train
2701,E01002884,16472,775,21.59,38.534,9,train
2702,E01002885,16038,407,19.621,54.143,9,train
2703,E01002886,23226,983,14.819,53.219,9,train
2704,E01002887,17525,134,12.569,55.254,9,train
2705,E01002888,28101,4013,10.9,42.552,9,train
2706,E01002889,26445,3094,8.169,30.931,9,train
2707,E01002890,27630,837,8.969,39.726,9,train
2708,E01002891,26484,2018,9.515,42.898,9,train
2709,E01002892,24265,397,8.544,37.638,9,train
2710,E01002893,13720,2802,21.771,41.053,9,train
2711,E01002894,13958,1210,19.923,44.885,9,train
2712,E01002896,26181,1376,10.304,39.053,9,train
2713,E01002897,19412,1686,15.663,41.811,9,train
2714,E01002898,27358,1685,9.458,41.752,9,train
2715,E01002899,9086,1397,21.45,41.056,9,train
2716,E01002900,25015,281,8.274,34.948,9,train
2717,E01002901,22030,102,16.507,60.865,9,train
2718,E01002902,19992,1424,10.759,39.515,9,train
2719,E01002903,25737,1474,7.616,37.074,9,train
2720,E01002904,3092,10540,45.079,27.58,6,train
2721,E01002905,5593,5328,44.52,39.345,6,train
2722,E01002906,7818,10071,33.044,35.634,6,train
2723,E01002907,2790,11611,52.561,29.29,6,train
2724,E01002908,13619,3506,26.916,46.405,6,train
2725,E01002909,11108,2438,29.726,38.123,6,train
2726,E01002910,17683,1306,16.317,37.285,9,train
2727,E01002911,21590,57,12.544,55.26,9,train
2728,E01002912,19646,1777,13.905,46.513,9,train
2729,E01002913,14490,2868,18.046,41.889,9,train
2730,E01002914,27146,1862,8.875,38.926,9,train
2731,E01002915,28012,14766,8.064,21.459,4,train
2732,E01002916,32051,17316,8.236,22.678,4,train
2733,E01002917,33537,24830,4.073,16.781,4,train
2734,E01002918,22181,10118,12.197,41.128,4,train
2735,E01002919,14752,11869,15.611,24.157,4,train
2736,E01002920,32610,14037,5.052,13.748,4,train
2737,E01002921,19420,7120,15.232,31.071,4,train
2738,E01002922,28781,12036,9.061,22.321,4,train
2739,E01002923,7198,15719,30.061,22.803,4,train
2740,E01002924,33534,18319,3.339,16.451,4,train
2741,E01002925,23993,6159,11.459,39.361,4,train
2742,E01002926,31587,10776,7.351,27.764,4,train
2743,E01002927,23511,6664,12.635,19.875,4,train
2744,E01002928,17156,8635,16.639,34.305,4,train
2745,E01002929,29084,6998,8.833,28.851,4,train
2746,E01002930,20759,6904,11.051,24.028,4,train
2747,E01002931,25904,3829,11.45,34.618,4,train
2748,E01002932,10951,15432,26.643,17.254,4,train
2749,E01002933,18761,7713,15.439,25.58,4,train
2750,E01002934,29769,5091,3.665,17.903,4,train
2751,E01002935,25541,3899,8.24,29.433,4,train
2752,E01002937,30280,4408,5.062,28.865,4,train
2753,E01002938,28080,3708,4.776,26.611,4,train
2754,E01002939,17029,12497,12.767,18.652,4,train
2755,E01002940,19644,15831,18.071,24.553,4,train
2756,E01002941,25268,10870,9.426,24.488,4,train
2757,E01002942,28905,14657,10.777,19.529,4,train
2758,E01002943,20042,20912,16.752,18.715,4,train
2759,E01002944,23824,22873,13.363,12.115,4,train
2760,E01002945,26680,16558,9.082,19.607,4,train
2761,E01002946,28152,20486,8.721,19.125,4,train
2762,E01002947,31166,17151,7.288,18.218,4,train
2763,E01002949,23609,18500,9.745,14.179,4,train
2764,E01002950,15514,21702,17.972,13.428,4,train
2765,E01002951,30336,12234,5.416,21.168,4,train
2766,E01002952,32913,16047,6.26,15.757,4,train
2767,E01002953,30970,11864,7.065,17.212,4,train
2768,E01002954,19399,10663,12.215,20.947,4,train
2769,E01002955,18189,4093,14.326,28.816,5,test
2770,E01002956,28042,23080,7.327,19.606,5,test
2771,E01002957,13400,14578,14.322,12.605,4,train
2772,E01002958,29159,4591,6.841,33.166,4,train
2773,E01002959,33692,23217,3.101,15.538,4,train
2774,E01002960,30637,7744,6.07,26.646,4,train
2775,E01002961,31665,13312,7.367,21.137,4,train
2776,E01002962,19291,17615,12.943,35.122,4,train
2777,E01002963,23679,9915,9.886,27.618,4,train
2778,E01002964,16952,10206,17.289,31.232,4,train
2779,E01002965,23541,6637,12.957,23.819,4,train
2780,E01002966,25791,4994,9.456,35.237,4,train
2781,E01002967,30918,9203,5.324,19.887,4,train
2782,E01002968,21563,10393,14.52,32.789,4,train
2783,E01002969,6772,11856,40.913,20.864,4,train
2784,E01002970,13589,10350,21.15,22.205,4,train
2785,E01002971,20898,4026,12.432,27.839,4,train
2786,E01002972,16471,4374,13.608,36.896,4,train
2787,E01002973,11219,13984,23.106,24.708,4,train
2788,E01002974,17538,4172,13.924,24.255,4,train
2789,E01002975,22438,11628,12.123,24.758,4,train
2790,E01002976,30722,15474,8.143,18.763,4,train
2791,E01002977,13527,6215,18.446,17.754,4,train
2792,E01002978,29038,7989,7.414,22.537,4,train
2793,E01002979,27179,17792,9.478,20.333,4,train
2794,E01002980,29291,11633,7.43,19.983,4,train
2795,E01002981,25508,8515,11.94,26.258,4,train
2796,E01002982,25048,6434,13.639,24.492,4,train
2797,E01002983,32244,14261,7.399,15.808,4,train
2798,E01002984,19577,8883,17.185,35.048,4,train
2799,E01002985,17368,3858,11.766,32.214,4,train
2800,E01002986,23792,10412,12.627,26.547,4,train
2801,E01002987,15953,6594,18.608,28.293,4,train
2802,E01002988,23335,2232,6.657,23.782,4,train
2803,E01002989,30264,7550,8.627,45.865,4,train
2804,E01002990,29839,8166,7.626,29.867,4,train
2805,E01002991,29076,6105,7.648,32.67,4,train
2806,E01002992,30968,14395,6.631,21.199,4,train
2807,E01002993,27118,11853,10.174,30.279,4,train
2808,E01002994,30067,10867,7.883,17.611,4,train
2809,E01002995,32080,10131,5.88,21.822,4,train
2810,E01002996,29468,8837,7.571,25.114,4,train
2811,E01002997,30685,7021,8.337,33.538,4,train
2812,E01002998,20163,11119,14.437,21.699,4,train
2813,E01002999,22972,11778,14.372,25.306,4,train
2814,E01003000,18214,18117,19.425,16.989,4,train
2815,E01003001,25366,15776,12.804,20.765,4,train
2816,E01003002,16061,10295,17.542,26.043,4,train
2817,E01003003,14949,7244,15.301,35.512,4,train
2818,E01003004,24253,8036,10.869,27.797,4,train
2819,E01003005,28950,16062,7.542,16.929,4,train
2820,E01003006,31184,19128,7.813,12.632,5,test
2821,E01003007,31833,18250,4.72,16.682,5,test
2822,E01003008,32942,14214,3.164,20.678,5,test
2823,E01003009,26573,13440,9.258,16.958,5,test
2824,E01003010,31607,7721,4.323,21.451,5,test
2825,E01003011,28709,3958,6.829,29.345,4,train
2826,E01003013,23019,6604,12.271,48.038,9,train
2827,E01003014,8115,2246,26.261,38.483,9,train
2828,E01003015,10215,3792,26.682,40.269,9,train
2829,E01003016,17431,6578,13.265,38.094,9,train
2830,E01003017,9069,1642,23.436,45.328,9,train
2831,E01003018,15151,1101,22.512,62.774,9,train
2832,E01003019,21253,4407,18.843,37.759,9,train
2833,E01003020,13131,6327,24.0,37.517,9,train
2834,E01003021,11114,7270,33.319,36.365,9,train
2835,E01003022,15166,7843,20.494,41.223,9,train
2836,E01003023,15857,4689,19.316,47.215,9,train
2837,E01003024,9729,6311,31.514,31.736,9,train
2838,E01003025,13405,5715,21.733,30.744,9,train
2839,E01003026,21112,1464,17.427,50.542,9,train
2840,E01003027,30345,4537,10.074,47.357,9,train
2841,E01003028,21055,7404,19.787,40.636,9,train
2842,E01003029,19500,9050,19.197,33.346,9,train
2843,E01003030,14735,1235,16.656,57.98,9,train
2844,E01003031,13236,4351,23.596,36.297,9,train
2845,E01003032,10700,3756,31.549,52.484,9,train
2846,E01003033,23846,5095,14.91,46.931,9,train
2847,E01003034,11675,2439,18.498,32.706,9,train
2848,E01003035,10771,1233,24.936,45.06,9,train
2849,E01003036,17143,2967,24.245,33.028,9,train
2850,E01003037,5370,7015,38.342,36.65,9,train
2851,E01003038,26551,3148,14.932,53.881,9,train
2852,E01003039,25105,4942,10.643,38.574,9,train
2853,E01003040,17134,1675,21.291,59.745,9,train
2854,E01003041,6527,1696,34.66,40.318,9,train
2855,E01003042,12399,6775,26.014,35.085,9,train
2856,E01003043,15405,2689,23.727,39.594,9,train
2857,E01003044,6053,15994,43.069,51.469,9,train
2858,E01003045,6770,10673,38.842,38.611,9,train
2859,E01003046,5959,6153,33.936,36.831,9,train
2860,E01003047,5890,1687,39.632,38.39,9,train
2861,E01003048,5433,7594,37.906,34.962,9,train
2862,E01003049,6813,6352,39.746,37.843,9,train
2863,E01003050,11409,1359,27.883,54.378,9,train
2864,E01003051,9578,5875,36.268,43.131,9,train
2865,E01003052,7564,8029,40.689,49.463,9,train
2866,E01003053,17851,1342,23.236,50.927,9,train
2867,E01003054,21299,1598,21.766,48.03,9,train
2868,E01003055,8374,2753,34.093,45.176,9,train
2869,E01003056,13788,3082,29.918,59.298,9,train
2870,E01003057,7675,5670,36.558,34.848,9,train
2871,E01003058,13920,1117,24.327,57.935,9,train
2872,E01003059,11961,15234,39.166,59.898,9,train
2873,E01003060,10144,6709,36.815,42.088,9,train
2874,E01003061,9113,1444,37.895,80.291,9,train
2875,E01003062,11423,2318,22.44,39.605,9,train
2876,E01003063,6950,11965,37.714,31.829,9,train
2877,E01003064,21618,2785,12.812,44.133,9,train
2878,E01003065,6997,17780,41.077,27.763,9,train
2879,E01003066,7861,4945,37.398,34.282,9,train
2880,E01003067,17979,4794,20.479,40.179,9,train
2881,E01003068,12103,6229,28.816,40.735,9,train
2882,E01003069,9340,3901,32.698,45.666,9,train
2883,E01003070,7129,9524,43.799,31.16,9,train
2884,E01003071,20732,4250,16.108,45.143,9,train
2885,E01003072,21436,2504,16.47,41.933,9,train
2886,E01003073,6935,1545,30.231,45.247,9,train
2887,E01003074,14458,1688,24.577,43.69,9,train
2888,E01003075,4285,8738,42.602,34.265,9,train
2889,E01003076,16247,5644,18.536,31.191,9,train
2890,E01003077,11619,1295,19.571,44.504,9,train
2891,E01003078,22999,3966,10.834,41.014,9,train
2892,E01003079,8969,4103,30.785,40.594,9,train
2893,E01003080,15755,2771,18.517,45.089,9,train
2894,E01003081,8291,2290,29.721,50.088,9,train
2895,E01003082,6395,3448,30.194,33.404,9,train
2896,E01003083,18750,4883,19.665,40.144,9,train
2897,E01003084,15921,2259,19.315,53.99,9,train
2898,E01003085,20945,11951,16.358,40.536,9,train
2899,E01003086,6651,14890,31.39,27.361,9,train
2900,E01003087,3061,8328,42.482,28.225,9,train
2901,E01003088,10948,5235,32.424,45.855,9,train
2902,E01003089,10136,5021,31.444,48.514,9,train
2903,E01003090,16764,3613,25.416,61.729,9,train
2904,E01003091,12053,613,23.431,41.811,9,train
2905,E01003092,10967,8545,36.627,31.564,9,train
2906,E01003093,6084,5718,33.26,41.532,9,train
2907,E01003094,13078,1712,30.432,37.496,9,train
2908,E01003095,18592,1340,19.761,43.804,9,train
2909,E01003096,13316,1276,25.455,65.015,9,train
2910,E01003097,9455,9626,32.154,36.001,9,train
2911,E01003098,15569,4678,23.401,50.5,9,train
2912,E01003099,9384,3029,26.601,43.453,9,train
2913,E01003100,17446,655,16.907,59.577,9,train
2914,E01003101,7200,3307,28.222,35.928,9,train
2915,E01003102,10863,1782,25.93,49.58,9,train
2916,E01003104,15157,3087,24.638,80.723,9,train
2917,E01003105,8410,7278,29.263,37.592,9,train
2918,E01003106,10760,4592,27.175,50.789,9,train
2919,E01003107,15704,2062,17.52,47.358,9,train
2920,E01003108,6954,5893,33.192,42.166,9,train
2921,E01003110,17241,4741,17.446,46.01,9,train
2922,E01003111,7290,10097,35.303,37.054,9,train
2923,E01003112,9267,9521,29.912,39.512,9,train
2924,E01003113,8863,1899,23.176,53.33,9,train
2925,E01003114,15729,5188,22.363,56.7,9,train
2926,E01003115,12767,3134,20.481,44.365,9,train
2927,E01003116,19379,3114,20.465,41.97,9,train
2928,E01003117,12252,1316,22.2,52.401,9,train
2929,E01003118,10345,1767,22.781,41.865,9,train
2930,E01003119,10699,1416,22.028,56.054,9,train
2931,E01003120,7207,2448,32.875,80.32,9,train
2932,E01003121,7641,7866,32.792,30.238,9,train
2933,E01003122,14502,6210,25.76,46.378,9,train
2934,E01003123,17442,2812,19.16,50.836,9,train
2935,E01003124,10947,4133,29.873,60.708,9,train
2936,E01003125,8770,12808,30.312,32.391,9,train
2937,E01003126,10571,5067,28.68,37.751,9,train
2938,E01003127,16576,3544,26.097,57.863,9,train
2939,E01003128,7587,11641,34.369,35.137,9,train
2940,E01003129,13218,1649,24.33,63.813,9,train
2941,E01003130,14924,1224,17.362,45.696,9,train
2942,E01003131,20617,6937,18.271,54.545,9,train
2943,E01003132,5932,11810,32.169,31.998,9,train
2944,E01003133,10500,1085,24.483,45.087,9,train
2945,E01003134,15311,4472,19.56,34.957,9,train
2946,E01003135,10844,985,31.583,55.731,9,train
2947,E01003136,15990,3770,23.279,70.689,9,train
2948,E01003137,8038,8768,29.29,37.386,9,train
2949,E01003138,24388,2445,10.639,48.228,9,train
2950,E01003139,13322,5556,13.474,32.686,8,train
2951,E01003140,17308,12471,16.888,31.762,8,train
2952,E01003141,11935,6289,24.037,49.227,8,train
2953,E01003142,14674,5110,18.167,37.985,8,train
2954,E01003143,8020,8389,28.82,33.832,8,train
2955,E01003144,21073,2916,17.38,40.21,9,train
2956,E01003145,9214,713,23.589,60.352,8,train
2957,E01003146,10595,6885,25.101,35.617,8,train
2958,E01003147,12665,2466,20.607,37.937,8,train
2959,E01003148,15629,3749,18.954,45.37,9,train
2960,E01003149,20566,4736,15.204,40.805,9,train
2961,E01003150,8103,5331,26.483,34.894,9,train
2962,E01003151,7152,14845,33.077,28.704,9,train
2963,E01003152,20670,3521,13.041,48.813,9,train
2964,E01003153,19440,7900,14.764,45.936,9,train
2965,E01003154,11643,14970,28.223,30.821,9,train
2966,E01003155,16461,2383,19.058,46.832,9,train
2967,E01003156,19031,12291,18.606,40.544,9,train
2968,E01003157,24502,5574,13.822,40.375,9,train
2969,E01003158,28047,9228,7.631,34.042,9,train
2970,E01003159,15330,14005,36.226,35.864,9,train
2971,E01003160,13219,6980,29.257,52.324,9,train
2972,E01003161,22844,9330,18.917,33.899,9,train
2973,E01003162,9337,7766,27.304,32.09,9,train
2974,E01003163,23522,7572,15.132,33.317,9,train
2975,E01003164,10139,1138,28.097,58.053,9,train
2976,E01003165,15045,2813,22.312,42.624,9,train
2977,E01003166,12826,2635,17.894,40.347,9,train
2978,E01003167,22774,1773,14.506,43.796,9,train
2979,E01003168,5928,7874,40.412,38.347,9,train
2980,E01003169,12993,1522,23.435,41.466,9,train
2981,E01003170,23978,1256,12.457,32.558,9,train
2982,E01003171,13861,1936,25.368,55.164,9,train
2983,E01003172,11118,13972,30.645,31.774,9,train
2984,E01003173,20488,2908,15.409,46.141,9,train
2985,E01003174,7506,6187,33.582,29.43,9,train
2986,E01003175,8396,16200,36.013,31.339,9,train
2987,E01003176,7696,4670,35.216,42.707,9,train
2988,E01003177,11337,1410,25.703,59.133,9,train
2989,E01003178,15178,795,21.709,62.665,9,train
2990,E01003179,7133,9341,30.956,29.187,9,train
2991,E01003180,11103,5342,22.411,32.811,9,train
2992,E01003181,9531,3720,37.286,40.56,9,train
2993,E01003182,9224,3036,26.612,37.474,9,train
2994,E01003183,6766,4321,28.803,41.849,9,train
2995,E01003184,9363,8375,33.439,31.352,9,train
2996,E01003185,11845,5136,27.075,37.378,9,train
2997,E01003186,16492,6996,19.78,47.821,9,train
2998,E01003187,11056,14302,35.754,46.569,9,train
2999,E01003188,5804,3759,38.438,38.143,9,train
3000,E01003189,3518,13873,43.296,31.309,13,train
3001,E01003190,4649,11573,34.703,24.453,13,train
3002,E01003191,7414,16135,34.906,30.76,13,train
3003,E01003192,3540,10655,48.716,23.698,13,train
3004,E01003193,10458,8691,31.206,32.714,13,train
3005,E01003194,5758,5570,34.535,28.817,13,train
3006,E01003195,15799,5787,20.602,37.469,13,train
3007,E01003196,4641,11135,42.358,38.984,13,train
3008,E01003197,3284,18261,43.555,29.792,13,train
3009,E01003198,17949,4027,18.605,28.427,13,train
3010,E01003199,24402,8067,13.477,26.52,13,train
3011,E01003200,20974,576,11.58,39.591,13,train
3012,E01003201,9918,3479,28.226,44.659,13,train
3013,E01003202,25828,5538,9.192,41.139,13,train
3014,E01003203,9885,8855,24.646,38.423,13,train
3015,E01003204,12382,8508,20.796,25.141,13,train
3016,E01003205,10666,13248,36.269,31.802,13,train
3017,E01003206,21332,6107,14.285,33.12,13,train
3018,E01003207,8677,6749,36.749,38.373,13,train
3019,E01003209,10160,5794,25.793,32.525,13,train
3020,E01003210,13273,4055,22.25,46.387,13,train
3021,E01003211,13195,3709,23.374,39.251,13,train
3022,E01003212,14887,3471,22.918,42.707,13,train
3023,E01003213,15003,3806,20.821,28.253,13,train
3024,E01003214,9289,4391,26.267,39.472,13,train
3025,E01003215,10792,1839,24.827,50.863,13,train
3026,E01003216,10537,4745,22.725,29.764,13,train
3027,E01003217,17864,9192,20.989,46.628,13,train
3028,E01003218,15603,12598,15.773,35.344,13,train
3029,E01003219,12925,7168,18.336,35.312,13,train
3030,E01003220,10674,5358,25.046,42.053,13,train
3031,E01003221,9109,4849,31.619,40.331,13,train
3032,E01003222,12455,6584,22.103,40.44,13,train
3033,E01003223,13114,6216,16.79,29.96,13,train
3034,E01003224,11124,5720,22.095,45.932,13,train
3035,E01003225,24668,4235,9.432,31.379,13,train
3036,E01003226,20911,2978,16.774,46.946,13,train
3037,E01003227,23943,6994,14.713,42.478,13,train
3038,E01003228,19217,3164,18.146,48.588,13,train
3039,E01003229,6685,11654,32.515,25.833,13,train
3040,E01003230,13181,8983,21.999,27.005,13,train
3041,E01003231,14835,2972,23.637,46.315,13,train
3042,E01003232,23485,5216,12.297,25.535,13,train
3043,E01003233,20189,3841,16.337,41.118,13,train
3044,E01003235,8742,14053,28.429,27.402,13,train
3045,E01003236,5359,8217,36.793,43.09,13,train
3046,E01003237,6560,9847,30.552,33.557,13,train
3047,E01003238,6195,12811,36.619,30.341,13,train
3048,E01003239,7347,16536,34.432,39.317,13,train
3049,E01003240,7176,13676,32.442,32.538,13,train
3050,E01003241,8662,11823,33.099,24.835,13,train
3051,E01003243,5807,5956,37.508,40.253,13,train
3052,E01003244,9151,7474,29.181,21.829,13,train
3053,E01003245,7280,12118,35.294,26.482,13,train
3054,E01003246,10787,10003,40.956,42.659,13,train
3055,E01003247,16407,4162,18.036,48.066,13,train
3056,E01003248,7295,8400,30.754,31.354,13,train
3057,E01003249,13306,21163,24.548,19.37,13,train
3058,E01003251,5601,6887,28.185,24.938,13,train
3059,E01003252,4584,6056,39.521,26.846,13,train
3060,E01003253,5923,3801,35.924,27.873,13,train
3061,E01003254,20123,3349,12.229,41.865,9,train
3062,E01003255,11279,3028,17.513,41.429,9,train
3063,E01003256,7146,7601,30.358,28.871,9,train
3064,E01003257,14362,7606,21.897,27.904,9,train
3065,E01003258,10355,19593,31.215,18.645,9,train
3066,E01003259,13242,6096,21.089,35.295,9,train
3067,E01003260,20083,5936,14.438,26.687,9,train
3068,E01003261,21119,5217,15.644,37.066,13,train
3069,E01003262,17407,7863,19.131,39.183,13,train
3070,E01003263,8599,10497,28.062,25.111,13,train
3071,E01003264,12956,13006,26.433,23.044,13,train
3072,E01003265,8190,9415,29.476,31.704,13,train
3073,E01003266,6087,15916,39.337,20.286,13,train
3074,E01003267,9317,14554,35.121,27.515,13,train
3075,E01003268,12978,3533,22.889,39.126,13,train
3076,E01003269,13486,11966,27.67,25.154,13,train
3077,E01003270,20762,4894,11.532,29.345,13,train
3078,E01003271,26168,10137,8.783,25.721,13,train
3079,E01003272,15014,3202,18.848,44.706,13,train
3080,E01003273,17323,2595,17.073,35.68,13,train
3081,E01003274,13459,3403,17.032,30.531,13,train
3082,E01003275,8622,14174,30.622,21.689,13,train
3083,E01003276,18543,4192,20.711,34.885,13,train
3084,E01003277,16446,6370,22.253,33.957,13,train
3085,E01003278,11972,2449,26.151,38.335,13,train
3086,E01003279,18746,3020,16.265,43.559,13,train
3087,E01003280,10701,11837,26.957,24.842,13,train
3088,E01003281,20902,4300,17.245,32.806,13,train
3089,E01003282,14588,3317,23.443,31.197,13,train
3090,E01003283,19957,2308,11.31,45.985,13,train
3091,E01003284,16099,4150,19.337,39.464,13,train
3092,E01003285,18554,6988,13.687,32.009,13,train
3093,E01003286,8987,17864,30.194,25.218,13,train
3094,E01003287,21330,1251,12.552,38.545,13,train
3095,E01003288,8878,11351,30.802,36.885,13,train
3096,E01003290,3734,5699,45.854,34.015,13,train
3097,E01003291,3983,12042,44.99,25.03,13,train
3098,E01003292,12126,6542,20.574,38.54,13,train
3099,E01003293,9713,2721,28.053,45.457,13,train
3100,E01003295,9322,5775,29.292,48.528,13,train
3101,E01003297,10358,7068,29.363,36.754,13,train
3102,E01003298,8490,8186,32.141,25.222,13,train
3103,E01003299,9031,3053,32.981,46.557,13,train
3104,E01003300,6148,7889,33.853,24.924,13,train
3105,E01003301,18349,9960,25.746,40.889,13,train
3106,E01003302,8220,11317,31.65,27.465,13,train
3107,E01003303,4986,5130,40.126,37.662,13,train
3108,E01003304,8567,8270,35.961,49.793,13,train
3109,E01003305,9611,9650,43.327,39.291,13,train
3110,E01003307,17818,5736,19.336,39.216,13,train
3111,E01003308,12465,3725,23.433,41.216,13,train
3112,E01003309,6895,9433,32.138,27.144,13,train
3113,E01003310,8588,7441,29.569,31.264,13,train
3114,E01003311,18259,3105,17.357,43.571,13,train
3115,E01003312,17414,7455,17.586,33.712,13,train
3116,E01003313,5660,17047,35.351,24.651,13,train
3117,E01003314,18083,5398,17.09,42.654,13,train
3118,E01003315,11987,3171,27.35,46.607,13,train
3119,E01003316,19283,3103,17.224,44.322,13,train
3120,E01003318,454,697,47.114,60.311,13,train
3121,E01003319,5581,6062,31.239,38.391,13,train
3122,E01003320,6145,3616,35.069,34.125,13,train
3123,E01003321,4932,2352,32.198,41.369,13,train
3124,E01003322,11297,1939,24.37,48.818,13,train
3125,E01003323,10798,3285,34.133,51.597,13,train
3126,E01003324,9192,2470,37.075,45.637,13,train
3127,E01003325,5920,1067,36.329,62.745,13,train
3128,E01003326,13110,8408,28.866,45.203,13,train
3129,E01003327,13684,3293,16.422,38.962,13,train
3130,E01003328,12322,5929,26.287,31.78,9,train
3131,E01003329,17178,7895,19.169,31.654,13,train
3132,E01003330,9521,14293,34.114,30.666,9,train
3133,E01003331,13040,11241,26.871,23.091,9,train
3134,E01003332,13618,13826,27.507,19.098,9,train
3135,E01003333,12014,6821,24.816,46.505,13,train
3136,E01003334,6901,7025,28.809,34.063,13,train
3137,E01003335,5281,10285,33.691,24.944,13,train
3138,E01003336,7330,9216,34.034,26.591,13,train
3139,E01003337,4020,10853,33.273,24.154,13,train
3140,E01003338,6045,7785,34.64,33.187,13,train
3141,E01003339,10546,3751,26.452,36.712,13,train
3142,E01003340,18621,1758,18.948,44.74,13,train
3143,E01003341,20775,4099,20.72,57.059,13,train
3144,E01003342,15845,2291,19.498,40.822,13,train
3145,E01003343,17132,4268,21.817,43.505,13,train
3146,E01003344,14224,3026,19.594,37.657,13,train
3147,E01003345,17369,8865,16.681,32.335,13,train
3148,E01003346,5428,6852,34.426,36.502,13,train
3149,E01003347,1633,18127,44.725,17.89,13,train
3150,E01003348,9081,10544,25.742,31.929,13,train
3151,E01003349,8029,13978,33.222,24.584,13,train
3152,E01003350,6273,13081,33.849,27.25,13,train
3153,E01003351,4832,11652,37.163,46.321,13,train
3154,E01003352,7312,11163,30.959,21.929,13,train
3155,E01003353,15084,10372,21.578,41.508,13,train
3156,E01003354,9873,11039,22.059,34.473,13,train
3157,E01003355,28611,6845,8.667,42.469,8,train
3158,E01003356,28030,6543,5.985,31.034,8,train
3159,E01003357,7317,9015,27.022,27.287,8,train
3160,E01003358,30726,9481,5.46,27.93,8,train
3161,E01003359,19181,5649,16.015,38.683,8,train
3162,E01003360,27636,3764,7.498,33.216,8,train
3163,E01003361,26686,11447,9.475,27.156,4,train
3164,E01003362,32056,19547,8.165,26.303,4,train
3165,E01003363,31623,15018,5.943,18.006,4,train
3166,E01003364,31911,16409,6.669,22.901,4,train
3167,E01003365,32434,18660,6.803,19.418,8,train
3168,E01003366,20257,11980,18.396,36.476,4,train
3169,E01003368,21489,13023,16.576,33.272,8,train
3170,E01003369,23363,3713,12.297,46.526,9,train
3171,E01003370,20154,4253,13.142,40.532,9,train
3172,E01003371,24151,3390,12.515,33.881,8,train
3173,E01003372,12594,10833,26.568,29.217,8,train
3174,E01003373,6429,21492,33.12,16.524,8,train
3175,E01003374,8276,11643,31.166,32.565,8,train
3176,E01003375,12559,6728,19.139,34.275,8,train
3177,E01003376,10273,18382,25.138,23.496,8,train
3178,E01003377,5805,22006,31.291,16.209,8,train
3179,E01003378,14657,14932,18.396,36.531,8,train
3180,E01003379,6642,9210,31.137,34.391,8,train
3181,E01003380,30928,6080,5.789,29.5,4,train
3182,E01003381,29302,4090,7.91,41.671,4,train
3183,E01003382,31555,8066,7.547,36.199,4,train
3184,E01003383,28215,5912,6.668,31.944,8,train
3185,E01003384,30619,6188,8.033,33.793,8,train
3186,E01003385,31265,4753,3.811,29.285,4,train
3187,E01003386,15325,15099,15.919,27.714,8,train
3188,E01003387,11921,13517,30.21,28.736,8,train
3189,E01003388,13199,9990,25.835,28.825,8,train
3190,E01003389,9523,5437,22.957,33.235,8,train
3191,E01003390,4941,4202,33.578,31.653,8,train
3192,E01003391,5539,8360,38.478,19.166,8,train
3193,E01003392,16931,7299,17.066,31.931,8,train
3194,E01003393,16319,3862,14.033,35.599,8,train
3195,E01003394,15784,9729,16.083,32.016,8,train
3196,E01003395,18997,10017,11.9,20.861,8,train
3197,E01003396,20287,2588,12.299,36.944,9,train
3198,E01003397,16375,5752,14.111,31.013,8,train
3199,E01003398,16629,6674,15.226,33.896,8,train
3200,E01003399,28011,6222,9.054,22.204,4,train
3201,E01003400,22090,2519,6.798,30.151,9,train
3202,E01003401,28990,10516,4.061,18.874,9,train
3203,E01003402,30356,5647,4.692,33.75,5,test
3204,E01003403,29986,3305,5.764,31.157,4,train
3205,E01003404,29518,11517,8.846,20.081,4,train
3206,E01003405,11762,16773,25.671,24.309,8,train
3207,E01003406,15022,24764,22.95,21.249,8,train
3208,E01003407,16570,16463,11.858,26.801,8,train
3209,E01003408,22712,12220,11.874,28.335,8,train
3210,E01003409,12238,12437,24.464,35.727,8,train
3211,E01003410,13017,13805,21.572,23.366,8,train
3212,E01003411,15897,12946,16.046,25.982,8,train
3213,E01003412,12583,13715,22.716,21.668,8,train
3214,E01003413,17832,17405,15.38,30.285,8,train
3215,E01003414,19103,15163,13.702,25.37,8,train
3216,E01003415,15449,20071,19.747,32.836,8,train
3217,E01003416,18404,11508,14.135,21.347,8,train
3218,E01003417,26574,14097,9.198,22.763,4,train
3219,E01003418,30418,23429,6.707,20.548,4,train
3220,E01003419,22770,11333,11.324,28.593,4,train
3221,E01003420,27428,12851,9.184,25.702,4,train
3222,E01003421,24116,17281,9.848,13.153,4,train
3223,E01003422,27696,13673,9.163,16.321,4,train
3224,E01003423,29244,8754,5.847,32.547,4,train
3225,E01003424,33419,15055,3.788,27.077,8,train
3226,E01003425,33562,19573,4.046,23.784,8,train
3227,E01003426,28358,10966,10.223,32.63,8,train
3228,E01003427,15222,4554,14.092,37.597,8,train
3229,E01003428,29440,6832,9.369,35.265,8,train
3230,E01003429,18002,14009,14.234,26.905,8,train
3231,E01003430,6276,9172,30.873,19.321,8,train
3232,E01003431,9060,20726,29.36,29.266,8,train
3233,E01003432,6934,22653,40.359,29.245,8,train
3234,E01003433,13083,7106,17.62,26.835,8,train
3235,E01003434,18849,10211,13.002,29.698,8,train
3236,E01003435,16497,12261,17.599,35.104,8,train
3237,E01003436,13988,12588,25.62,32.374,8,train
3238,E01003437,20079,8337,16.002,31.938,8,train
3239,E01003438,11175,11750,26.908,37.553,8,train
3240,E01003439,10923,7647,27.369,51.314,8,train
3241,E01003440,13982,10889,23.077,27.102,8,train
3242,E01003441,11332,11499,22.89,20.737,8,train
3243,E01003442,32973,13785,5.222,15.66,4,train
3244,E01003443,30070,3528,4.549,26.74,4,train
3245,E01003444,30419,8080,5.39,33.249,4,train
3246,E01003445,27774,7446,9.449,23.522,4,train
3247,E01003446,19961,5313,10.115,28.772,4,train
3248,E01003447,10022,7959,24.427,26.845,4,train
3249,E01003448,17813,13415,24.584,50.92,8,train
3250,E01003449,17251,9900,18.476,35.12,8,train
3251,E01003450,11240,14670,28.091,39.576,8,train
3252,E01003451,24621,14698,12.612,31.097,8,train
3253,E01003452,12613,15802,27.017,29.27,8,train
3254,E01003453,13627,11299,24.369,40.974,8,train
3255,E01003454,29258,8220,5.551,20.363,9,train
3256,E01003455,25463,13514,10.995,28.798,9,train
3257,E01003456,20347,5520,12.785,31.813,9,train
3258,E01003457,32394,8878,5.546,35.129,9,train
3259,E01003458,31022,7525,6.013,30.139,9,train
3260,E01003459,19536,17948,16.068,18.111,8,train
3261,E01003460,27201,5165,9.005,20.569,5,test
3262,E01003461,30836,4420,3.716,21.445,5,test
3263,E01003462,31449,8278,6.885,21.146,4,train
3264,E01003463,32360,10816,4.307,26.696,4,train
3265,E01003464,32920,18101,6.098,21.022,5,test
3266,E01003465,32431,11568,4.686,18.627,5,test
3267,E01003466,31959,16469,4.599,21.087,4,train
3268,E01003467,28911,12773,7.121,21.829,4,train
3269,E01003468,31972,14838,4.513,26.062,4,train
3270,E01003469,18065,8188,16.013,27.415,4,train
3271,E01003470,24468,7381,9.521,28.73,4,train
3272,E01003471,28976,12594,8.051,21.045,4,train
3273,E01003472,31950,5818,3.806,30.434,9,train
3274,E01003473,29605,3124,5.269,29.367,9,train
3275,E01003474,32827,10774,4.548,27.064,9,train
3276,E01003476,21129,4399,11.723,27.909,9,train
3277,E01003477,28328,6636,8.595,27.375,9,train
3278,E01003478,31209,8628,6.496,33.922,9,train
3279,E01003479,8705,20586,30.088,23.094,14,train
3280,E01003480,11919,14260,24.019,19.083,13,train
3281,E01003481,9767,15292,28.627,15.493,13,train
3282,E01003483,6403,14643,37.192,16.33,14,train
3283,E01003484,13867,18930,22.723,20.374,14,train
3284,E01003485,13766,18991,24.091,18.997,14,train
3285,E01003486,1781,11956,47.765,21.49,14,train
3286,E01003487,3281,9089,43.594,17.039,14,train
3287,E01003488,4509,11266,40.69,21.35,14,train
3288,E01003489,10315,8633,34.363,25.56,14,train
3289,E01003490,5629,8196,31.017,30.586,14,train
3290,E01003491,5633,2346,29.506,45.903,14,train
3291,E01003492,7769,1121,24.941,43.686,14,train
3292,E01003494,7899,1390,21.333,40.542,14,train
3293,E01003495,10439,3757,17.983,36.284,14,train
3294,E01003496,5969,10855,28.548,18.425,14,train
3295,E01003497,6500,9741,33.279,27.908,14,train
3296,E01003498,5851,12125,33.218,18.682,14,train
3297,E01003499,2888,7689,40.608,34.666,14,train
3298,E01003500,7744,10371,34.325,29.179,14,train
3299,E01003501,6001,12801,36.283,24.057,14,train
3300,E01003502,5872,6384,36.469,36.791,14,train
3301,E01003503,8693,11055,39.386,32.899,14,train
3302,E01003506,4097,10367,45.294,23.583,13,train
3303,E01003507,6085,3117,33.98,50.171,14,train
3304,E01003508,7847,10365,36.928,38.229,14,train
3305,E01003509,4791,4327,35.443,50.915,14,train
3306,E01003511,8676,19179,35.284,21.39,14,train
3307,E01003512,4870,8999,35.298,26.344,14,train
3308,E01003513,8209,15155,22.174,20.376,14,train
3309,E01003514,5023,14189,36.673,21.443,14,train
3310,E01003515,4990,11223,47.7,23.951,13,train
3311,E01003516,4799,5675,39.917,28.578,14,train
3312,E01003517,4495,15413,46.731,26.21,14,train
3313,E01003518,11874,15257,22.636,21.309,14,train
3314,E01003519,8263,10032,29.409,24.425,14,train
3315,E01003520,4301,3269,26.667,27.189,14,train
3316,E01003521,4241,4185,28.488,61.302,14,train
3317,E01003522,5115,4295,31.365,41.69,14,train
3318,E01003523,5375,3936,31.507,31.777,14,train
3319,E01003524,4556,1535,28.552,49.404,14,train
3320,E01003525,5331,3939,30.664,51.26,14,train
3321,E01003526,6470,1966,30.073,36.339,14,train
3322,E01003527,10405,2888,19.947,37.79,14,train
3323,E01003528,4607,13781,30.372,21.134,14,train
3324,E01003529,8090,3609,23.37,31.17,14,train
3325,E01003530,9479,8915,21.945,23.696,14,train
3326,E01003531,6739,3932,29.192,32.977,14,train
3327,E01003532,10293,2122,25.259,42.094,14,train
3328,E01003533,9528,5985,27.567,38.197,14,train
3329,E01003534,6402,2909,25.169,35.745,14,train
3330,E01003535,2420,12052,42.56,29.988,14,train
3331,E01003536,6944,5226,29.531,33.755,14,train
3332,E01003537,5774,4095,25.312,42.354,14,train
3333,E01003538,5820,8392,32.047,33.598,14,train
3334,E01003539,7938,3879,27.345,31.985,14,train
3335,E01003540,5262,5042,38.68,41.782,14,train
3336,E01003541,7935,8702,27.163,29.116,14,train
3337,E01003542,5145,11609,32.819,29.95,14,train
3338,E01003543,10918,6338,23.221,26.848,14,train
3339,E01003544,7210,5343,28.703,39.686,14,train
3340,E01003545,8906,15108,27.152,23.977,14,train
3341,E01003546,7141,10555,33.531,25.236,14,train
3342,E01003547,13215,5613,18.936,27.054,14,train
3343,E01003548,8697,8971,22.286,29.231,14,train
3344,E01003549,8171,15196,25.608,25.789,14,train
3345,E01003550,7674,4925,26.959,35.046,14,train
3346,E01003551,5553,6484,34.983,33.738,14,train
3347,E01003552,7082,8955,29.808,37.465,14,train
3348,E01003553,4232,10145,35.838,34.468,14,train
3349,E01003554,11853,5850,21.902,30.873,14,train
3350,E01003555,12760,3627,25.848,36.697,14,train
3351,E01003556,1710,3651,42.29,41.68,14,train
3352,E01003557,4985,3700,36.797,39.492,14,train
3353,E01003558,3594,1223,38.255,36.212,14,train
3354,E01003559,9540,6511,20.714,29.679,14,train
3355,E01003560,8246,7479,28.024,30.008,14,train
3356,E01003561,7471,2615,23.743,28.09,14,train
3357,E01003562,7398,1355,25.879,35.095,14,train
3358,E01003563,9837,7723,27.104,31.88,14,train
3359,E01003564,7364,6997,27.393,29.95,14,train
3360,E01003565,6684,1502,25.412,28.672,14,train
3361,E01003566,3378,4021,30.414,34.787,14,train
3362,E01003567,5393,2742,32.133,32.117,14,train
3363,E01003568,10942,4687,24.045,28.559,14,train
3364,E01003569,7603,3093,27.715,29.686,14,train
3365,E01003570,5776,2889,31.336,35.531,14,train
3366,E01003571,6257,2867,27.983,24.936,14,train
3367,E01003572,5657,1850,27.781,24.496,14,train
3368,E01003573,7910,3466,27.069,30.123,14,train
3369,E01003574,7745,6050,29.332,35.71,14,train
3370,E01003575,4681,5190,29.833,25.562,14,train
3371,E01003576,1824,5913,38.074,29.19,14,train
3372,E01003577,3327,12379,40.868,28.927,14,train
3373,E01003578,3174,1362,26.188,38.35,14,train
3374,E01003579,6676,5492,28.483,37.294,14,train
3375,E01003580,4845,6975,32.832,37.197,14,train
3376,E01003581,5993,3730,26.783,33.625,14,train
3377,E01003582,5027,10264,30.905,30.322,14,train
3378,E01003583,7142,5306,28.482,37.064,14,train
3379,E01003584,10813,3915,29.49,29.165,14,train
3380,E01003585,8215,4576,27.968,29.037,14,train
3381,E01003586,5667,2616,29.95,36.421,14,train
3382,E01003587,5294,9527,28.048,23.644,14,train
3383,E01003588,5830,6918,29.189,30.488,14,train
3384,E01003589,5387,4161,26.805,28.085,14,train
3385,E01003590,4504,6818,38.34,26.257,14,train
3386,E01003591,3323,3354,34.139,38.208,14,train
3387,E01003592,6435,8330,34.378,37.307,14,train
3388,E01003593,7283,12352,32.672,23.801,14,train
3389,E01003594,8614,12070,29.213,26.613,14,train
3390,E01003595,7994,8737,29.76,32.765,14,train
3391,E01003596,7219,9233,25.24,28.03,14,train
3392,E01003597,12648,7274,25.676,27.734,14,train
3393,E01003598,5391,18959,31.237,22.126,14,train
3394,E01003599,6005,6839,31.152,27.226,14,train
3395,E01003600,5098,10262,34.336,27.521,14,train
3396,E01003601,2605,3969,37.186,35.92,14,train
3397,E01003602,6819,2087,26.11,29.069,14,train
3398,E01003603,8333,2795,22.804,34.815,14,train
3399,E01003604,5737,4285,35.681,41.459,14,train
3400,E01003605,5509,6757,29.461,38.208,14,train
3401,E01003607,6665,7403,30.506,31.719,14,train
3402,E01003608,9855,2744,23.936,45.645,14,train
3403,E01003611,4389,12952,31.396,15.606,13,train
3404,E01003615,7563,5911,27.328,33.447,14,train
3405,E01003616,7086,12600,29.41,29.857,14,train
3406,E01003618,8897,2392,26.797,52.45,14,train
3407,E01003619,6544,4978,35.297,40.129,14,train
3408,E01003621,6933,2244,23.076,25.728,14,train
3409,E01003622,4019,2632,33.739,32.419,14,train
3410,E01003623,5507,9437,31.385,26.278,14,train
3411,E01003624,6586,12331,31.648,26.582,14,train
3412,E01003625,5470,4257,28.623,39.197,14,train
3413,E01003626,8042,2578,23.921,35.721,14,train
3414,E01003627,7135,5691,28.43,30.996,14,train
3415,E01003628,7271,5836,21.405,29.174,14,train
3416,E01003629,7126,5684,26.957,46.276,14,train
3417,E01003630,5425,8936,29.832,25.882,14,train
3418,E01003631,9006,7611,27.243,37.668,14,train
3419,E01003632,12850,5443,20.975,28.393,14,train
3420,E01003633,3511,10838,39.451,20.376,14,train
3421,E01003634,7535,12397,31.094,21.034,14,train
3422,E01003635,9998,4731,24.619,28.078,14,train
3423,E01003636,6663,9227,32.341,22.836,14,train
3424,E01003637,10954,5662,21.981,31.294,14,train
3425,E01003638,17428,16288,17.693,18.616,14,train
3426,E01003639,14760,15874,20.275,20.874,14,train
3427,E01003640,17157,10862,17.809,29.361,18,train
3428,E01003641,16172,14083,14.28,23.107,14,train
3429,E01003642,14583,16774,16.546,20.657,14,train
3430,E01003643,22016,11267,11.343,24.099,14,train
3431,E01003644,23166,20220,12.62,17.7,14,train
3432,E01003645,14593,11594,19.419,47.843,14,train
3433,E01003646,16972,6934,12.374,23.076,14,train
3434,E01003647,20930,12269,13.468,25.557,14,train
3435,E01003648,29478,17426,7.595,17.844,14,train
3436,E01003649,25736,14509,9.01,15.442,14,train
3437,E01003650,16837,16284,16.216,20.086,14,train
3438,E01003651,26405,12485,11.315,22.032,14,train
3439,E01003652,27084,21805,8.078,18.348,14,train
3440,E01003653,14262,12625,14.35,26.48,14,train
3441,E01003654,19953,12569,18.26,23.925,14,train
3442,E01003655,24608,8341,10.104,21.062,15,train
3443,E01003656,11263,9717,27.96,24.167,15,train
3444,E01003657,20519,10859,12.312,17.612,14,train
3445,E01003658,11581,10008,22.802,17.571,15,train
3446,E01003659,25622,11091,10.666,26.029,14,train
3447,E01003660,28501,14445,6.729,18.69,15,train
3448,E01003661,11683,12452,18.026,19.797,18,train
3449,E01003662,9339,6142,18.066,25.999,18,train
3450,E01003663,18011,18881,15.078,20.655,18,train
3451,E01003664,16410,16384,15.719,24.961,18,train
3452,E01003665,21032,15113,11.889,22.757,18,train
3453,E01003666,9024,14184,20.279,26.641,18,train
3454,E01003668,24056,8215,8.929,26.067,14,train
3455,E01003669,29079,4466,6.169,30.586,14,train
3456,E01003670,27177,11857,9.549,22.237,14,train
3457,E01003671,32943,15071,3.631,18.014,14,train
3458,E01003672,16790,13370,17.186,31.256,14,train
3459,E01003673,25670,6033,10.701,44.068,14,train
3460,E01003674,21462,10489,8.999,25.95,14,train
3461,E01003675,18682,11369,14.67,31.027,14,train
3462,E01003676,23977,17736,10.273,21.916,14,train
3463,E01003677,25112,14404,9.431,21.094,14,train
3464,E01003678,28007,20769,9.727,18.305,14,train
3465,E01003679,28769,21808,9.012,22.123,14,train
3466,E01003680,26364,20915,7.709,16.679,14,train
3467,E01003681,19329,13880,15.84,23.095,14,train
3468,E01003682,28693,20646,8.29,19.717,14,train
3469,E01003683,9026,6424,20.176,28.581,14,train
3470,E01003684,10233,8750,18.413,24.246,14,train
3471,E01003685,7467,5952,20.929,25.564,14,train
3472,E01003686,8932,6732,26.378,35.751,14,train
3473,E01003688,6937,8194,25.262,25.045,14,train
3474,E01003689,5545,10082,31.258,35.958,14,train
3475,E01003690,14021,9695,18.556,29.012,14,train
3476,E01003691,16364,7555,13.561,23.189,14,train
3477,E01003692,16590,11788,14.631,24.678,14,train
3478,E01003693,22178,15960,14.247,22.131,14,train
3479,E01003694,21251,17409,16.177,27.226,14,train
3480,E01003695,9333,6132,22.931,32.594,14,train
3481,E01003696,4540,14024,11.491,18.549,14,train
3482,E01003697,17488,12048,17.925,33.271,14,train
3483,E01003698,24090,16550,14.458,31.998,14,train
3484,E01003699,20135,14493,13.898,14.579,14,train
3485,E01003700,16422,11900,18.062,28.602,14,train
3486,E01003701,16701,5719,16.423,29.368,14,train
3487,E01003702,18374,20360,16.747,24.748,14,train
3488,E01003703,20451,29577,14.522,13.915,14,train
3489,E01003704,12121,12923,18.734,26.014,14,train
3490,E01003705,19190,14716,14.277,19.391,14,train
3491,E01003706,16248,18664,16.311,16.574,14,train
3492,E01003707,21422,16585,15.526,22.205,14,train
3493,E01003708,10547,23794,28.999,20.283,14,train
3494,E01003709,26988,23434,9.673,20.926,14,train
3495,E01003710,24491,20892,10.916,16.753,14,train
3496,E01003711,17045,10432,16.89,22.074,14,train
3497,E01003712,6368,18860,39.856,18.321,14,train
3498,E01003713,13828,10415,17.315,23.732,18,train
3499,E01003714,9573,5795,19.087,31.454,14,train
3500,E01003715,11529,6318,19.475,27.563,14,train
3501,E01003716,10622,7396,22.223,29.568,18,train
3502,E01003718,10572,8890,18.677,30.461,18,train
3503,E01003719,8957,7898,23.275,28.903,18,train
3504,E01003720,7958,14459,30.716,25.121,19,train
3505,E01003721,11611,10507,19.545,16.832,15,train
3506,E01003722,12812,25034,24.506,14.729,19,train
3507,E01003723,10755,18487,28.091,24.767,19,train
3508,E01003724,17663,17794,18.246,17.473,15,train
3509,E01003725,10623,14744,26.212,16.766,15,train
3510,E01003726,13877,24308,31.711,20.215,19,train
3511,E01003727,8846,18043,29.893,22.425,19,train
3512,E01003729,2643,2992,29.466,37.229,14,train
3513,E01003730,8512,7974,23.485,27.34,14,train
3514,E01003731,8755,10858,26.421,24.301,14,train
3515,E01003732,2922,16655,33.926,19.575,14,train
3516,E01003733,6705,1870,25.381,42.676,14,train
3517,E01003734,5416,4074,22.036,21.403,14,train
3518,E01003735,3418,20859,34.319,13.866,14,train
3519,E01003736,10486,8790,25.007,26.525,14,train
3520,E01003737,23265,17427,14.602,20.371,18,train
3521,E01003738,19047,18024,14.155,21.551,18,train
3522,E01003739,12770,12549,19.82,21.124,14,train
3523,E01003740,15033,8827,18.38,22.239,14,train
3524,E01003741,14741,12829,16.28,30.524,14,train
3525,E01003742,12090,7749,15.083,18.31,14,train
3526,E01003743,9125,9937,20.542,21.411,14,train
3527,E01003744,30454,11416,8.383,14.12,15,train
3528,E01003745,33135,15755,5.743,19.31,15,train
3529,E01003746,31045,12867,4.117,19.23,15,train
3530,E01003747,32877,14907,5.927,21.05,15,train
3531,E01003748,29584,9381,4.929,19.096,15,train
3532,E01003749,24862,6233,8.362,24.407,14,train
3533,E01003750,19831,3811,12.172,25.074,14,train
3534,E01003751,12000,10085,16.317,19.555,14,train
3535,E01003752,25020,9480,12.74,16.589,14,train
3536,E01003753,17017,8416,13.373,36.944,14,train
3537,E01003754,20219,12476,13.011,23.574,14,train
3538,E01003755,19808,14285,14.75,23.7,14,train
3539,E01003756,14678,11731,16.868,32.039,14,train
3540,E01003757,10475,6489,20.327,24.956,14,train
3541,E01003759,31758,11598,5.02,20.031,14,train
3542,E01003760,19750,6563,15.006,27.469,14,train
3543,E01003761,4379,10760,39.737,35.413,14,train
3544,E01003762,21009,4178,14.079,32.937,14,train
3545,E01003763,26145,7992,11.372,25.849,14,train
3546,E01003764,18109,3462,14.111,40.17,14,train
3547,E01003765,22036,4768,8.499,29.001,14,train
3548,E01003766,16207,10349,19.514,30.616,14,train
3549,E01003767,8376,7350,22.412,34.59,18,train
3550,E01003768,7604,9712,29.257,30.887,14,train
3551,E01003769,5073,3422,24.749,42.587,18,train
3552,E01003770,13610,17816,16.679,14.0,18,train
3553,E01003771,10209,11768,16.92,17.739,18,train
3554,E01003772,16617,11989,17.275,23.85,14,train
3555,E01003773,13960,10386,14.99,22.463,18,train
3556,E01003774,29307,9232,8.887,25.714,14,train
3557,E01003775,29018,11254,7.581,21.637,14,train
3558,E01003776,11837,9997,23.873,16.255,14,train
3559,E01003777,27435,5080,7.823,31.65,14,train
3560,E01003778,24672,6057,9.642,36.227,14,train
3561,E01003779,22357,6320,14.112,30.955,14,train
3562,E01003780,33370,22917,5.828,22.349,14,train
3563,E01003781,6707,10440,17.125,20.365,14,train
3564,E01003782,10094,5182,21.961,38.35,14,train
3565,E01003783,2583,4369,34.175,32.779,14,train
3566,E01003784,11545,5361,18.41,26.614,14,train
3567,E01003785,5719,3766,25.704,23.99,14,train
3568,E01003786,20489,15197,12.992,22.301,14,train
3569,E01003787,18799,13606,15.402,30.197,14,train
3570,E01003788,4070,5211,24.91,30.749,14,train
3571,E01003789,28245,4208,10.258,37.041,14,train
3572,E01003790,21545,15329,16.218,23.821,14,train
3573,E01003791,30402,11700,15.669,32.98,14,train
3574,E01003792,27909,9923,11.304,30.536,14,train
3575,E01003793,11201,4520,24.975,32.594,14,train
3576,E01003794,26358,13090,7.939,20.693,14,train
3577,E01003795,31130,12191,8.353,24.699,14,train
3578,E01003796,27397,8875,9.481,22.532,14,train
3579,E01003797,30853,3853,5.944,34.633,5,test
3580,E01003798,22516,4001,8.509,18.802,5,test
3581,E01003799,27482,1243,7.18,39.896,5,test
3582,E01003800,20104,4462,13.145,30.977,5,test
3583,E01003801,31212,4183,4.028,27.87,5,test
3584,E01003802,33152,17192,4.675,26.295,5,test
3585,E01003803,10864,6797,23.823,24.127,5,test
3586,E01003804,27414,2219,5.756,29.794,5,test
3587,E01003805,30525,2532,3.697,24.63,5,test
3588,E01003806,29416,1682,8.022,34.919,5,test
3589,E01003807,24817,2053,7.831,30.421,5,test
3590,E01003808,25639,461,5.994,31.898,5,test
3591,E01003809,27611,877,6.067,40.363,5,test
3592,E01003810,29481,7054,7.461,21.77,5,test
3593,E01003811,30884,9783,5.515,31.509,5,test
3594,E01003812,26426,4426,7.792,20.866,5,test
3595,E01003813,32156,8423,4.739,22.922,1,train
3596,E01003814,29186,10513,8.961,19.678,5,test
3597,E01003815,25589,7921,8.914,30.561,5,test
3598,E01003816,26529,6307,12.147,20.81,5,test
3599,E01003817,23786,7951,11.002,26.342,5,test
3600,E01003818,31080,20957,7.107,14.353,5,test
3601,E01003819,13710,14340,28.717,22.779,5,test
3602,E01003820,21994,15647,11.453,17.059,5,test
3603,E01003821,30676,5066,5.143,25.878,5,test
3604,E01003822,33407,14355,2.997,17.369,0,train
3605,E01003823,27731,3477,7.241,26.206,4,train
3606,E01003824,32439,10647,4.594,21.167,0,train
3607,E01003825,33179,16044,3.249,17.784,0,train
3608,E01003826,12946,13920,22.898,21.447,0,train
3609,E01003827,25698,7578,8.485,22.898,0,train
3610,E01003828,31820,17681,6.069,16.376,1,train
3611,E01003829,9901,17828,26.698,22.688,1,train
3612,E01003830,27274,9289,9.449,25.001,1,train
3613,E01003831,29385,18242,10.154,15.816,1,train
3614,E01003832,6805,23123,37.019,14.348,1,train
3615,E01003833,19891,24518,16.556,14.226,1,train
3616,E01003834,23887,5161,7.292,23.373,4,train
3617,E01003835,32157,8129,4.465,26.381,5,test
3618,E01003836,20340,6811,12.983,22.761,5,test
3619,E01003837,30138,18985,7.835,14.694,4,train
3620,E01003838,30057,12297,7.339,31.843,4,train
3621,E01003839,24188,9219,13.14,23.665,4,train
3622,E01003840,18068,5329,14.808,23.776,1,train
3623,E01003841,7041,8811,26.04,23.181,1,train
3624,E01003842,16618,9375,20.358,30.361,1,train
3625,E01003843,14825,8456,15.73,21.689,1,train
3626,E01003844,27688,11124,9.207,25.627,1,train
3627,E01003845,29344,12574,9.314,19.414,1,train
3628,E01003846,28380,845,4.171,32.448,5,test
3629,E01003847,28037,3253,6.72,29.132,5,test
3630,E01003848,25537,2679,11.354,34.477,5,test
3631,E01003849,25475,790,8.448,32.94,5,test
3632,E01003851,26514,409,5.879,30.881,5,test
3633,E01003852,25008,3368,13.631,34.905,5,test
3634,E01003853,22473,2657,11.466,24.812,5,test
3635,E01003854,19862,1806,7.824,25.547,5,test
3636,E01003855,15591,6296,19.172,20.994,5,test
3637,E01003856,28498,4891,6.295,24.67,5,test
3638,E01003857,28633,2486,5.533,24.954,5,test
3639,E01003858,28741,1630,3.877,28.844,5,test
3640,E01003859,26741,1218,6.736,34.246,5,test
3641,E01003860,25418,1189,9.269,30.382,5,test
3642,E01003861,28184,4151,8.226,25.847,5,test
3643,E01003862,19134,4988,17.786,36.472,5,test
3644,E01003863,16447,1090,18.695,39.18,5,test
3645,E01003864,26964,3440,7.131,27.073,5,test
3646,E01003865,24105,3940,11.466,25.23,5,test
3647,E01003866,30939,3210,3.804,32.946,5,test
3648,E01003867,25079,4431,11.779,29.422,5,test
3649,E01003868,29586,2511,5.583,33.263,5,test
3650,E01003869,30165,5332,5.06,25.836,5,test
3651,E01003870,31768,9850,5.807,33.026,5,test
3652,E01003871,31172,9838,4.824,28.646,5,test
3653,E01003872,28186,2764,7.634,31.902,5,test
3654,E01003873,25233,1353,7.46,30.111,5,test
3655,E01003874,29357,2993,5.246,31.827,5,test
3656,E01003875,26677,2797,7.33,23.85,5,test
3657,E01003876,25151,2786,6.706,30.477,5,test
3658,E01003877,27336,1056,6.021,30.709,5,test
3659,E01003878,15511,9100,19.583,18.379,5,test
3660,E01003879,30252,3742,5.901,31.705,5,test
3661,E01003880,29831,3165,6.098,33.385,5,test
3662,E01003881,31759,6158,4.598,24.184,5,test
3663,E01003882,29736,4750,6.198,32.309,5,test
3664,E01003883,30323,6267,4.784,26.122,5,test
3665,E01003884,27659,7315,5.571,19.699,5,test
3666,E01003885,29102,5769,6.094,23.381,5,test
3667,E01003886,30601,6938,3.466,21.424,5,test
3668,E01003887,31498,6816,4.573,31.413,5,test
3669,E01003888,20783,8690,13.591,21.905,4,train
3670,E01003889,30514,4058,4.826,19.705,4,train
3671,E01003890,30577,8022,6.593,30.25,5,test
3672,E01003891,32866,15814,2.666,16.464,5,test
3673,E01003892,33117,11835,3.779,19.935,5,test
3674,E01003893,29336,2320,6.7,36.37,5,test
3675,E01003894,29662,2858,4.823,28.863,5,test
3676,E01003895,27985,3400,8.016,36.927,5,test
3677,E01003896,25844,2434,7.551,39.593,5,test
3678,E01003897,26776,7301,8.295,29.134,5,test
3679,E01003898,28203,6572,7.887,31.044,5,test
3680,E01003899,28889,7739,5.147,29.179,5,test
3681,E01003900,15331,9816,21.164,23.031,5,test
3682,E01003901,32150,10327,7.055,24.796,5,test
3683,E01003902,30005,6374,5.894,31.982,1,train
3684,E01003903,20276,5164,13.193,30.309,1,train
3685,E01003904,25017,9268,10.731,23.356,5,test
3686,E01003905,26701,5859,7.581,25.481,5,test
3687,E01003906,22171,4980,12.068,38.304,5,test
3688,E01003907,15354,10847,20.973,17.908,1,train
3689,E01003908,27395,6862,6.907,25.611,1,train
3690,E01003909,21972,4984,7.634,27.845,5,test
3691,E01003910,31800,11321,6.487,20.994,5,test
3692,E01003911,11515,8038,29.823,36.017,9,train
3693,E01003912,8844,8743,40.627,29.163,9,train
3694,E01003913,13843,4332,19.198,29.106,9,train
3695,E01003914,14306,1549,21.514,43.693,9,train
3696,E01003915,11162,13926,28.036,29.796,9,train
3697,E01003916,16652,9277,24.749,41.484,9,train
3698,E01003917,11383,10019,30.163,30.226,9,train
3699,E01003918,8292,9106,34.58,34.982,9,train
3700,E01003919,10444,2094,23.585,45.852,9,train
3701,E01003920,8690,8600,32.296,32.696,9,train
3702,E01003921,5899,2767,39.685,44.695,9,train
3703,E01003922,8590,4946,30.64,39.486,9,train
3704,E01003923,10894,3972,26.667,38.201,9,train
3705,E01003924,8872,4782,31.183,29.503,9,train
3706,E01003925,12516,13316,32.72,52.945,9,train
3707,E01003926,9797,4311,31.441,38.71,9,train
3708,E01003929,11656,3564,22.973,49.593,9,train
3709,E01003930,16262,3723,28.921,54.831,9,train
3710,E01003932,4977,1737,38.967,44.184,9,train
3711,E01003933,15315,3387,33.607,58.94,9,train
3712,E01003934,24168,5156,18.616,43.465,9,train
3713,E01003935,15798,7679,21.011,26.374,9,train
3714,E01003936,25763,5478,14.247,53.205,9,train
3715,E01003937,16363,4266,24.291,73.995,9,train
3716,E01003938,14761,7450,31.171,33.767,9,train
3717,E01003939,17778,4316,20.471,37.911,9,train
3718,E01003940,9122,4225,33.392,29.572,9,train
3719,E01003941,17232,6831,18.245,35.297,9,train
3720,E01003942,10372,9011,31.341,31.947,9,train
3721,E01003943,8600,2612,40.136,34.588,9,train
3722,E01003945,21541,5665,16.412,26.89,9,train
3723,E01003946,21980,6628,17.006,29.238,9,train
3724,E01003947,6628,8288,36.138,18.156,9,train
3725,E01003948,20114,6769,17.282,25.689,9,train
3726,E01003949,18311,6209,17.081,31.212,9,train
3727,E01003950,9593,9468,27.465,28.259,9,train
3728,E01003951,21800,1844,16.049,29.837,9,train
3729,E01003952,14944,1963,15.594,40.028,9,train
3730,E01003953,17183,3258,18.641,42.774,9,train
3731,E01003954,21820,3213,17.262,48.744,9,train
3732,E01003955,17201,4553,18.283,32.832,9,train
3733,E01003956,21050,2694,11.825,36.064,9,train
3734,E01003957,22211,4361,14.122,33.227,9,train
3735,E01003958,18542,3573,16.322,39.12,9,train
3736,E01003960,14464,4703,27.356,54.416,9,train
3737,E01003961,5000,7223,37.844,41.67,9,train
3738,E01003963,6916,6716,39.212,32.215,9,train
3739,E01003966,6709,3039,33.346,41.698,9,train
3740,E01003969,11017,3641,24.1,48.16,9,train
3741,E01003971,8388,8145,50.411,43.392,9,train
3742,E01003972,10246,10878,27.729,40.759,9,train
3743,E01003973,8204,8287,29.812,33.971,9,train
3744,E01003975,9652,8277,31.043,26.662,9,train
3745,E01003976,10518,6809,30.428,52.997,9,train
3746,E01003977,8688,8385,27.452,33.045,9,train
3747,E01003979,7871,3782,29.514,34.892,9,train
3748,E01003980,6802,6120,32.853,40.796,9,train
3749,E01003981,11498,4046,26.493,41.484,9,train
3750,E01003983,7780,9548,31.14,29.661,9,train
3751,E01003984,10257,2852,35.23,39.904,9,train
3752,E01003986,5635,10845,38.146,23.747,13,train
3753,E01003987,6109,11595,34.241,20.671,9,train
3754,E01003988,5772,5915,31.655,42.307,9,train
3755,E01003989,10544,8712,28.863,26.611,9,train
3756,E01003990,8943,13138,31.077,23.808,9,train
3757,E01003991,7137,8150,39.26,31.77,9,train
3758,E01003992,7208,15042,32.416,26.879,9,train
3759,E01003993,10476,8427,28.38,30.445,9,train
3760,E01003994,8354,3947,35.666,31.774,9,train
3761,E01003995,6017,2891,35.076,38.298,9,train
3762,E01003997,10703,4114,30.268,45.064,9,train
3763,E01003998,10447,2235,25.146,53.15,9,train
3764,E01003999,12491,11675,24.487,30.433,9,train
3765,E01004000,9358,3588,27.983,34.428,13,train
3766,E01004001,7151,12296,35.784,21.859,9,train
3767,E01004002,19660,6677,17.58,39.368,13,train
3768,E01004003,6826,10472,35.58,25.343,9,train
3769,E01004004,10071,8719,31.644,34.319,9,train
3770,E01004005,5439,6793,45.149,37.061,9,train
3771,E01004006,11294,2309,26.449,47.09,9,train
3772,E01004007,7462,16417,39.431,22.579,9,train
3773,E01004008,6846,3704,34.841,36.108,9,train
3774,E01004010,6753,6119,32.313,34.002,9,train
3775,E01004011,8137,14705,30.983,30.023,9,train
3776,E01004012,12236,21864,27.301,26.796,9,train
3777,E01004013,9089,10737,39.137,26.443,9,train
3778,E01004014,7895,13057,33.895,22.491,9,train
3779,E01004015,17226,3362,22.806,43.178,9,train
3780,E01004016,19490,5550,20.176,31.092,13,train
3781,E01004017,22087,5940,15.612,34.886,13,train
3782,E01004018,23708,3602,11.302,39.832,9,train
3783,E01004019,14178,6026,24.043,22.796,9,train
3784,E01004020,10805,8368,28.028,20.253,9,train
3785,E01004021,20078,5125,14.812,32.002,9,train
3786,E01004023,8173,6045,28.547,32.803,9,train
3787,E01004024,8692,10734,31.179,23.803,9,train
3788,E01004028,8067,7806,26.416,22.089,9,train
3789,E01004029,23642,14105,12.382,27.717,13,train
3790,E01004030,13914,8529,24.934,28.547,9,train
3791,E01004031,15005,8063,25.963,39.938,13,train
3792,E01004032,31480,25756,8.261,27.24,13,train
3793,E01004033,9829,10266,27.067,31.59,13,train
3794,E01004034,7830,5388,25.711,28.872,9,train
3795,E01004035,7810,8070,36.203,26.578,9,train
3796,E01004036,7954,5471,31.501,34.413,13,train
3797,E01004037,8888,6929,25.892,31.481,9,train
3798,E01004038,11156,11051,22.29,25.293,9,train
3799,E01004039,13540,8306,22.583,47.313,9,train
3800,E01004040,5305,7333,39.89,38.478,9,train
3801,E01004041,9900,7985,27.397,32.887,9,train
3802,E01004042,4428,8099,45.391,29.421,9,train
3803,E01004043,11440,5523,26.395,31.806,9,train
3804,E01004044,7458,7945,31.112,31.86,9,train
3805,E01004045,9120,8521,27.322,22.143,9,train
3806,E01004046,15655,2379,17.334,36.507,9,train
3807,E01004047,11188,10675,24.36,25.206,9,train
3808,E01004048,15317,8164,20.516,40.908,9,train
3809,E01004049,11531,7295,16.687,24.9,9,train
3810,E01004050,21542,3208,14.511,48.538,9,train
3811,E01004051,23073,3447,9.731,28.163,9,train
3812,E01004052,16160,3396,15.763,32.355,9,train
3813,E01004053,28419,17497,8.683,20.77,13,train
3814,E01004054,29375,14597,8.354,22.51,13,train
3815,E01004055,7378,18419,38.922,23.38,13,train
3816,E01004056,18633,17537,19.671,23.148,13,train
3817,E01004057,15719,17927,21.669,19.329,13,train
3818,E01004058,31955,22370,8.41,27.947,13,train
3819,E01004059,26461,17193,17.254,43.357,13,train
3820,E01004060,11883,9639,31.991,54.839,13,train
3821,E01004061,14902,1430,21.531,36.312,9,train
3822,E01004062,9250,8913,29.363,34.071,9,train
3823,E01004063,13430,3136,27.404,35.605,9,train
3824,E01004064,10137,7368,30.525,30.553,9,train
3825,E01004065,16966,2755,19.287,38.838,9,train
3826,E01004066,11414,4313,23.913,28.97,9,train
3827,E01004067,6010,3962,35.543,48.747,9,train
3828,E01004068,7783,7231,34.366,26.605,9,train
3829,E01004069,27341,1450,9.326,35.648,9,train
3830,E01004070,19909,1283,13.134,32.3,9,train
3831,E01004071,12628,2556,18.227,28.221,9,train
3832,E01004072,23550,1004,9.199,35.425,9,train
3833,E01004073,23575,1403,8.556,35.61,9,train
3834,E01004074,23404,654,9.778,42.925,9,train
3835,E01004075,26320,1133,8.625,41.649,9,train
3836,E01004076,15935,14506,18.319,21.95,8,train
3837,E01004077,20310,7426,13.521,19.457,8,train
3838,E01004078,14969,20615,15.61,23.049,8,train
3839,E01004079,32623,16944,8.556,19.438,8,train
3840,E01004080,31026,22256,9.86,13.868,8,train
3841,E01004081,21045,8988,12.414,22.579,8,train
3842,E01004082,29479,18671,5.317,16.078,8,train
3843,E01004083,4409,25765,44.327,7.956,8,train
3844,E01004084,32441,19968,5.77,12.439,8,train
3845,E01004085,32087,21222,8.478,7.008,8,train
3846,E01004086,20229,14553,15.277,16.192,8,train
3847,E01004087,32531,19944,5.727,10.029,8,train
3848,E01004088,2364,28144,43.226,6.376,8,train
3849,E01004089,5184,27093,35.547,9.212,8,train
3850,E01004090,4507,13227,34.411,17.064,8,train
3851,E01004091,33449,26081,4.563,6.076,8,train
3852,E01004092,31082,12508,7.536,19.58,8,train
3853,E01004093,32323,23249,5.418,10.748,8,train
3854,E01004094,28745,12999,4.481,14.918,8,train
3855,E01004095,32470,22776,5.625,18.01,8,train
3856,E01004096,19917,13434,18.894,37.444,8,train
3857,E01004097,29139,10506,4.804,14.435,8,train
3858,E01004098,28378,3823,5.989,20.263,8,train
3859,E01004099,13951,5863,21.103,25.272,8,train
3860,E01004100,26505,8788,7.356,18.341,8,train
3861,E01004101,31272,17257,4.687,19.321,8,train
3862,E01004102,23068,5978,10.815,18.436,8,train
3863,E01004103,22709,9522,8.235,27.762,8,train
3864,E01004104,31926,13674,4.084,20.449,8,train
3865,E01004105,29158,11705,5.081,14.377,8,train
3866,E01004106,33513,23721,3.091,10.302,8,train
3867,E01004107,19906,17116,12.514,16.84,8,train
3868,E01004108,26446,19164,13.133,18.97,8,train
3869,E01004110,21963,11085,9.204,24.763,4,train
3870,E01004111,26855,14234,10.447,17.593,4,train
3871,E01004112,32583,14178,2.793,9.314,4,train
3872,E01004114,33356,32123,4.659,7.35,4,train
3873,E01004115,27091,12442,6.163,15.781,4,train
3874,E01004116,30952,16259,6.392,12.422,4,train
3875,E01004117,32897,22993,4.051,15.067,4,train
3876,E01004118,21301,10278,9.787,18.628,4,train
3877,E01004119,30281,14112,9.583,19.666,4,train
3878,E01004120,32240,14878,4.752,15.254,4,train
3879,E01004121,23697,6634,8.307,17.707,4,train
3880,E01004122,32461,18775,5.319,16.826,4,train
3881,E01004123,8825,11719,28.156,49.851,8,train
3882,E01004124,11004,13717,23.237,25.225,8,train
3883,E01004125,6525,19113,31.639,35.243,8,train
3884,E01004126,10042,22042,31.361,29.349,8,train
3885,E01004127,15001,16679,19.777,26.052,8,train
3886,E01004128,11710,22239,23.682,26.595,8,train
3887,E01004129,6653,11084,34.12,31.093,8,train
3888,E01004130,25381,11530,10.222,22.569,8,train
3889,E01004131,25218,11915,11.154,22.861,4,train
3890,E01004132,32116,17795,6.647,19.344,4,train
3891,E01004133,31723,18222,6.482,18.95,4,train
3892,E01004134,22010,5560,11.832,28.225,4,train
3893,E01004135,27718,11999,7.552,13.811,8,train
3894,E01004136,30312,17317,8.396,17.536,4,train
3895,E01004137,24964,11262,16.018,32.141,8,train
3896,E01004138,19591,7247,14.166,34.544,8,train
3897,E01004139,20620,5614,9.611,25.654,8,train
3898,E01004140,7399,16119,33.998,32.096,8,train
3899,E01004141,10935,15600,21.087,16.537,8,train
3900,E01004143,22223,5447,11.79,31.699,8,train
3901,E01004144,26338,6920,8.77,20.939,8,train
3902,E01004145,22991,8092,12.273,22.927,8,train
3903,E01004146,24943,7831,12.483,30.821,8,train
3904,E01004147,27634,13279,9.428,15.85,8,train
3905,E01004148,11015,9760,23.361,25.836,8,train
3906,E01004149,24891,12872,9.979,21.527,8,train
3907,E01004150,15747,15479,21.634,22.771,8,train
3908,E01004151,22082,16725,14.853,22.345,8,train
3909,E01004152,18271,11958,14.903,27.279,8,train
3910,E01004153,25431,16854,13.116,24.528,8,train
3911,E01004154,32346,17393,4.873,13.544,8,train
3912,E01004155,28074,21504,8.123,16.773,8,train
3913,E01004156,24761,9290,9.004,21.19,8,train
3914,E01004157,33109,16540,3.327,17.676,8,train
3915,E01004158,27781,14748,7.905,21.106,8,train
3916,E01004159,24033,10703,14.179,25.291,8,train
3917,E01004160,26479,10289,9.329,27.051,8,train
3918,E01004161,27475,13831,8.007,13.252,8,train
3919,E01004162,21023,10089,11.476,18.397,8,train
3920,E01004163,24008,13271,14.594,33.014,8,train
3921,E01004164,23643,11407,12.098,39.602,8,train
3922,E01004165,16146,9591,16.373,23.038,8,train
3923,E01004166,21606,10625,11.417,18.76,8,train
3924,E01004167,9185,21539,31.388,17.496,8,train
3925,E01004168,27827,19561,8.689,19.172,8,train
3926,E01004169,16875,31093,27.196,27.223,8,train
3927,E01004170,21561,11295,10.215,37.92,8,train
3928,E01004171,26983,8807,6.369,18.196,8,train
3929,E01004172,10296,10051,20.888,22.363,8,train
3930,E01004173,22830,12272,13.552,22.336,8,train
3931,E01004174,17089,5133,17.325,29.047,8,train
3932,E01004175,25154,15177,10.891,14.46,8,train
3933,E01004176,19489,7666,11.911,26.353,8,train
3934,E01004177,12012,12360,18.938,28.262,8,train
3935,E01004178,13689,6679,17.18,37.094,8,train
3936,E01004179,31096,12768,7.235,25.933,8,train
3937,E01004180,32731,23266,5.028,10.746,8,train
3938,E01004181,16708,9571,16.45,29.413,8,train
3939,E01004182,9088,11809,25.061,28.376,8,train
3940,E01004183,9242,11015,28.494,27.714,8,train
3941,E01004184,8566,15695,29.765,26.674,8,train
3942,E01004185,8910,16127,43.208,20.815,8,train
3943,E01004186,19352,14361,13.757,29.398,8,train
3944,E01004187,13821,17911,22.532,27.184,8,train
3945,E01004189,9334,17198,28.594,29.638,8,train
3946,E01004190,32843,21720,4.657,15.837,4,train
3947,E01004191,25411,9940,7.762,19.858,4,train
3948,E01004192,23087,18413,11.343,17.393,4,train
3949,E01004193,25239,30039,12.377,12.171,4,train
3950,E01004194,20794,17305,11.041,17.118,4,train
3951,E01004195,23314,8932,9.504,23.907,4,train
3952,E01004196,30493,19736,5.776,14.408,4,train
3953,E01004198,3183,7176,42.068,31.078,10,test
3954,E01004199,3553,7166,43.877,33.528,10,test
3955,E01004200,12777,3236,27.239,75.606,10,test
3956,E01004201,10737,7561,25.908,31.073,14,train
3957,E01004202,11187,5918,25.423,37.885,10,test
3958,E01004203,7827,4607,28.299,37.905,10,test
3959,E01004204,5300,3388,33.995,34.145,10,test
3960,E01004205,2820,5657,37.904,29.438,10,test
3961,E01004206,2022,3344,43.126,26.973,10,test
3962,E01004207,3709,3203,34.765,41.959,14,train
3963,E01004208,7919,2923,25.084,56.306,10,test
3964,E01004209,2588,2274,42.475,31.452,10,test
3965,E01004211,6290,603,31.539,44.607,10,test
3966,E01004212,8034,7045,24.876,37.255,10,test
3967,E01004214,1919,14556,35.567,16.354,13,train
3968,E01004216,13837,20790,14.112,15.376,13,train
3969,E01004217,10251,14161,22.505,18.466,13,train
3970,E01004218,18216,17790,12.658,14.313,13,train
3971,E01004219,8309,4450,33.685,40.311,13,train
3972,E01004221,8544,10095,18.973,19.651,13,train
3973,E01004222,5303,10922,37.724,23.771,14,train
3974,E01004223,6074,8481,35.516,32.212,14,train
3975,E01004226,7482,10958,28.641,19.208,14,train
3976,E01004228,14838,4814,21.888,27.091,14,train
3977,E01004229,10007,7389,25.746,31.979,14,train
3978,E01004230,9721,3592,27.77,32.763,14,train
3979,E01004231,5070,9111,32.526,29.804,14,train
3980,E01004232,14122,2147,20.727,44.937,14,train
3981,E01004233,8733,17334,31.122,25.069,14,train
3982,E01004234,16434,1941,24.249,52.187,14,train
3983,E01004235,2295,5468,32.56,24.476,14,train
3984,E01004236,2199,6879,38.698,20.11,14,train
3985,E01004237,5076,8710,29.74,34.722,14,train
3986,E01004239,5020,9370,41.301,23.548,14,train
3987,E01004240,4624,9830,31.696,21.887,14,train
3988,E01004241,2576,13287,36.941,26.551,14,train
3989,E01004243,5839,7361,36.13,41.013,14,train
3990,E01004244,3483,8593,43.233,29.933,13,train
3991,E01004245,9098,14339,46.457,30.679,14,train
3992,E01004247,3648,9430,41.665,34.27,13,train
3993,E01004248,2206,8284,43.068,28.219,14,train
3994,E01004249,3256,8183,43.123,30.002,14,train
3995,E01004251,6008,9392,28.656,26.301,14,train
3996,E01004255,4417,7172,34.736,29.211,13,train
3997,E01004256,2972,4196,35.605,29.869,13,train
3998,E01004257,2876,5630,32.994,32.258,13,train
3999,E01004258,16769,7410,21.968,39.084,13,train
4000,E01004259,9011,2417,26.215,38.688,14,train
4001,E01004260,4413,9256,32.227,31.602,14,train
4002,E01004263,3959,4575,32.958,31.506,14,train
4003,E01004264,2880,6362,34.313,28.348,14,train
4004,E01004266,8498,4985,26.897,35.589,14,train
4005,E01004267,6878,7289,32.998,45.232,14,train
4006,E01004268,5222,7533,34.358,26.525,14,train
4007,E01004270,11150,4215,22.295,35.617,14,train
4008,E01004271,8384,10986,31.028,32.579,14,train
4009,E01004272,4069,11881,35.145,20.603,14,train
4010,E01004274,7716,17044,24.191,15.033,13,train
4011,E01004275,12258,11154,13.794,22.819,13,train
4012,E01004276,29477,16998,5.371,25.034,13,train
4013,E01004277,26984,12524,7.917,13.687,13,train
4014,E01004280,9476,10096,25.118,24.375,13,train
4015,E01004281,23276,20291,8.22,23.234,13,train
4016,E01004283,4333,8798,29.565,35.067,14,train
4017,E01004286,4894,4958,36.494,42.275,14,train
4018,E01004287,3838,9647,29.947,34.912,14,train
4019,E01004288,3567,9024,37.996,32.368,14,train
4020,E01004289,4969,5440,34.596,39.329,14,train
4021,E01004290,7672,7816,28.558,34.799,14,train
4022,E01004291,23180,7158,9.872,26.702,9,train
4023,E01004292,30381,19505,7.73,23.48,9,train
4024,E01004293,27562,8250,8.793,32.699,9,train
4025,E01004295,4826,6506,31.081,31.168,9,train
4026,E01004296,10228,11520,26.077,22.962,9,train
4027,E01004297,27253,6522,9.299,26.546,9,train
4028,E01004298,2338,5710,41.255,42.885,9,train
4029,E01004300,2678,3889,36.677,26.331,13,train
4030,E01004301,3192,2707,35.818,33.159,9,train
4031,E01004302,3257,5784,25.269,28.803,9,train
4032,E01004303,7318,8922,23.954,29.454,13,train
4033,E01004304,3364,5542,38.469,40.973,9,train
4034,E01004305,3619,4567,30.888,37.721,13,train
4035,E01004306,5760,2506,36.699,54.406,10,test
4036,E01004307,17906,1201,14.037,49.918,10,test
4037,E01004308,6123,7288,28.761,30.48,10,test
4038,E01004309,2794,5728,38.451,35.611,10,test
4039,E01004310,6873,3917,37.267,44.052,10,test
4040,E01004311,7026,6103,38.758,37.131,10,test
4041,E01004312,4179,3282,39.603,32.972,10,test
4042,E01004313,5371,4386,24.564,36.599,10,test
4043,E01004315,7807,4947,32.576,34.287,10,test
4044,E01004316,4209,17,39.089,46.213,10,test
4045,E01004319,5853,7367,32.582,34.485,9,train
4046,E01004321,5378,3021,33.782,34.102,10,test
4047,E01004322,3313,3360,32.255,38.304,10,test
4048,E01004323,5823,3116,27.821,24.016,10,test
4049,E01004324,3844,10871,37.489,32.97,14,train
4050,E01004326,5619,3280,26.259,39.698,10,test
4051,E01004327,10224,9061,30.077,33.794,14,train
4052,E01004328,10531,2530,23.151,54.277,14,train
4053,E01004329,11334,2886,23.702,44.211,14,train
4054,E01004330,17010,3526,16.923,45.274,14,train
4055,E01004331,7950,2083,22.836,32.482,14,train
4056,E01004332,8113,5396,28.195,36.146,14,train
4057,E01004333,8724,10352,27.949,26.464,14,train
4058,E01004334,4787,13060,44.7,22.907,14,train
4059,E01004335,4609,7230,39.67,31.142,14,train
4060,E01004336,7617,1423,24.337,36.357,14,train
4061,E01004337,6983,3809,26.107,32.445,14,train
4062,E01004338,12734,1911,19.373,40.248,14,train
4063,E01004339,14742,6463,24.516,36.545,14,train
4064,E01004340,6493,11418,43.177,29.089,14,train
4065,E01004341,6193,9413,32.124,31.812,14,train
4066,E01004342,11798,10216,22.387,31.994,14,train
4067,E01004343,20939,7308,15.753,34.693,14,train
4068,E01004344,10195,7886,30.519,36.74,14,train
4069,E01004345,14184,4096,20.885,38.391,14,train
4070,E01004346,19082,11687,18.181,33.167,14,train
4071,E01004347,19475,7216,15.495,29.731,14,train
4072,E01004348,13872,10286,18.169,31.663,14,train
4073,E01004349,12229,23556,29.854,26.854,15,train
4074,E01004350,12499,14775,28.615,39.94,15,train
4075,E01004351,26420,17025,15.035,25.236,15,train
4076,E01004352,26254,9759,10.412,23.031,15,train
4077,E01004353,21247,12991,16.068,18.579,15,train
4078,E01004354,18571,3283,13.633,27.656,15,train
4079,E01004355,12072,21956,25.177,20.492,15,train
4080,E01004356,15503,13070,25.903,21.536,15,train
4081,E01004357,18830,11344,17.614,19.608,15,train
4082,E01004358,17085,16768,22.079,18.691,15,train
4083,E01004359,22478,12199,12.677,23.397,15,train
4084,E01004360,27037,17544,13.149,22.266,15,train
4085,E01004361,24039,6041,15.397,36.556,15,train
4086,E01004362,15575,3703,23.288,43.409,14,train
4087,E01004363,16697,4367,19.357,35.437,14,train
4088,E01004364,8735,6817,32.04,37.988,14,train
4089,E01004365,6315,1136,29.303,35.412,14,train
4090,E01004366,19049,5742,19.553,43.608,14,train
4091,E01004367,9983,3268,27.28,39.226,14,train
4092,E01004368,15922,5056,21.837,35.964,14,train
4093,E01004369,15335,5837,15.818,26.508,14,train
4094,E01004370,16746,10252,14.491,37.648,14,train
4095,E01004371,16994,1973,20.617,44.729,14,train
4096,E01004372,22825,9727,11.815,41.33,14,train
4097,E01004373,11646,3067,25.577,53.813,14,train
4098,E01004374,18004,3112,17.097,36.324,14,train
4099,E01004375,13107,2870,20.785,39.45,14,train
4100,E01004376,12916,2597,22.168,44.289,14,train
4101,E01004377,18379,3982,19.845,34.626,14,train
4102,E01004378,15188,5891,22.983,36.043,14,train
4103,E01004379,27220,12932,11.817,29.735,15,train
4104,E01004380,17565,10957,22.668,30.229,14,train
4105,E01004381,20313,6098,15.405,34.205,14,train
4106,E01004382,10146,21820,38.703,24.742,14,train
4107,E01004383,24065,11885,14.955,27.387,14,train
4108,E01004384,6244,17011,32.114,23.46,15,train
4109,E01004385,10565,5345,33.462,25.139,15,train
4110,E01004386,30551,13107,8.937,22.272,15,train
4111,E01004387,33024,17827,7.179,20.874,15,train
4112,E01004388,13427,6099,19.354,24.751,15,train
4113,E01004389,10197,13472,31.036,27.252,15,train
4114,E01004390,9661,18553,34.954,23.299,15,train
4115,E01004391,13292,5352,21.317,30.521,14,train
4116,E01004392,9658,4275,26.237,47.562,14,train
4117,E01004393,7341,7234,21.831,33.733,14,train
4118,E01004394,8153,4603,36.022,31.787,14,train
4119,E01004395,18889,5744,17.268,36.361,10,test
4120,E01004396,13312,1528,19.912,45.536,14,train
4121,E01004397,9211,8193,26.872,37.09,14,train
4122,E01004398,6974,14634,37.907,30.857,14,train
4123,E01004399,6423,17783,47.476,36.676,14,train
4124,E01004400,10225,8907,29.213,43.839,14,train
4125,E01004401,14121,12380,22.183,27.297,14,train
4126,E01004402,10336,12825,32.696,44.82,14,train
4127,E01004403,11831,14979,30.776,38.272,14,train
4128,E01004404,9392,21271,28.71,29.398,14,train
4129,E01004405,12903,4019,28.415,38.237,14,train
4130,E01004406,11397,5024,22.458,52.112,14,train
4131,E01004407,1283,11222,41.22,33.091,14,train
4132,E01004408,14326,5177,23.297,37.404,14,train
4133,E01004409,11003,6812,27.417,34.327,14,train
4134,E01004410,9920,12664,34.24,26.62,14,train
4135,E01004411,14547,3227,26.46,36.317,14,train
4136,E01004412,18842,6959,18.448,32.632,14,train
4137,E01004413,9165,17680,32.226,23.385,15,train
4138,E01004414,14748,7323,21.52,26.507,15,train
4139,E01004415,11623,14301,26.422,20.425,15,train
4140,E01004416,21538,19259,22.953,24.11,15,train
4141,E01004417,16157,6213,23.066,32.189,15,train
4142,E01004418,17829,10171,19.401,31.604,15,train
4143,E01004419,15428,17370,21.127,49.508,14,train
4144,E01004420,3445,330,42.117,45.288,14,train
4145,E01004421,11019,3166,25.042,37.892,14,train
4146,E01004422,13506,8573,26.887,35.816,14,train
4147,E01004423,5238,2816,35.995,46.555,14,train
4148,E01004424,5742,4707,37.256,44.779,14,train
4149,E01004425,10738,5055,25.839,36.586,14,train
4150,E01004426,12965,2840,25.371,41.055,14,train
4151,E01004427,10121,3167,21.595,33.224,14,train
4152,E01004428,5232,13020,39.593,20.049,14,train
4153,E01004429,12197,11831,23.261,24.029,14,train
4154,E01004430,12369,6763,24.388,44.661,14,train
4155,E01004432,12203,4069,26.399,46.536,14,train
4156,E01004434,9187,8517,27.787,28.763,14,train
4157,E01004435,6722,4756,29.027,35.223,14,train
4158,E01004436,9808,1483,26.601,47.287,14,train
4159,E01004437,9275,3895,25.659,43.814,14,train
4160,E01004438,13801,2299,20.924,42.095,14,train
4161,E01004439,14847,2560,19.011,32.069,14,train
4162,E01004440,12507,3383,25.946,60.375,14,train
4163,E01004441,22879,7729,18.76,48.155,14,train
4164,E01004442,21910,7741,13.797,42.424,14,train
4165,E01004443,13232,5552,31.365,35.343,14,train
4166,E01004444,8380,6969,34.282,33.984,14,train
4167,E01004445,14509,5884,28.771,30.811,14,train
4168,E01004446,15424,5048,23.406,41.556,14,train
4169,E01004447,17677,4667,16.828,36.406,14,train
4170,E01004448,11494,8513,26.678,33.466,14,train
4171,E01004449,5057,18061,46.275,18.525,14,train
4172,E01004450,22004,7646,15.897,31.112,15,train
4173,E01004451,18757,9138,16.07,27.973,15,train
4174,E01004452,11102,7192,24.84,31.047,15,train
4175,E01004453,12475,6075,25.765,33.76,15,train
4176,E01004454,14683,12091,24.382,29.576,15,train
4177,E01004455,9251,8778,29.351,27.644,14,train
4178,E01004456,5358,18515,42.734,19.263,15,train
4179,E01004457,13478,4897,20.481,32.514,14,train
4180,E01004458,10597,3519,26.207,41.086,14,train
4181,E01004459,3855,20925,43.377,19.831,14,train
4182,E01004460,10478,2409,29.841,37.218,14,train
4183,E01004462,14711,7423,23.842,34.836,14,train
4184,E01004463,20729,13816,14.978,26.157,14,train
4185,E01004464,6147,7053,37.506,23.984,14,train
4186,E01004465,20815,7094,18.111,37.062,14,train
4187,E01004466,24445,5521,14.801,35.318,14,train
4188,E01004467,6783,8096,29.626,42.568,14,train
4189,E01004468,20567,6758,17.863,35.718,14,train
4190,E01004469,5318,13744,39.486,24.582,14,train
4191,E01004470,9749,4474,34.263,45.629,14,train
4192,E01004471,9853,7960,32.772,49.79,14,train
4193,E01004472,29207,7845,9.879,25.822,9,train
4194,E01004473,26061,5384,11.875,27.068,9,train
4195,E01004474,19080,5334,17.524,33.367,9,train
4196,E01004475,24493,5015,15.977,37.588,9,train
4197,E01004476,22491,4365,13.593,27.895,9,train
4198,E01004477,30612,3623,5.093,29.857,9,train
4199,E01004478,31173,4205,4.363,31.422,9,train
4200,E01004479,28595,2387,10.238,32.519,9,train
4201,E01004480,27957,2070,7.239,31.204,9,train
4202,E01004481,20958,2460,15.155,34.632,9,train
4203,E01004482,24137,4835,15.123,30.884,9,train
4204,E01004483,25947,15671,14.025,39.827,9,train
4205,E01004484,22878,5572,18.333,28.479,9,train
4206,E01004485,23320,8472,16.136,40.244,9,train
4207,E01004486,25096,7065,17.646,29.114,9,train
4208,E01004487,20894,8756,21.375,30.637,9,train
4209,E01004488,23051,3399,14.58,43.61,9,train
4210,E01004489,16893,6806,26.942,68.334,9,train
4211,E01004490,30059,4626,7.244,38.508,9,train
4212,E01004491,22682,10284,14.207,24.004,9,train
4213,E01004492,19980,6902,15.53,31.317,9,train
4214,E01004493,20653,8191,13.604,26.642,9,train
4215,E01004494,18443,6364,19.102,26.113,9,train
4216,E01004495,14811,9702,23.496,20.94,9,train
4217,E01004496,21760,5210,11.991,28.51,9,train
4218,E01004497,23848,8466,16.446,33.128,9,train
4219,E01004498,28003,7971,8.707,28.856,9,train
4220,E01004499,21534,2716,13.847,31.313,9,train
4221,E01004500,26021,14010,10.92,28.012,5,test
4222,E01004501,15622,3944,17.726,25.865,5,test
4223,E01004502,28376,2766,9.379,40.132,9,train
4224,E01004503,18941,3239,18.546,35.955,5,test
4225,E01004504,28461,5265,9.832,38.847,9,train
4226,E01004505,29564,7238,7.752,31.298,5,test
4227,E01004506,29310,9029,9.478,33.738,5,test
4228,E01004507,29312,11677,8.65,31.184,5,test
4229,E01004508,24472,2683,10.753,37.444,9,train
4230,E01004510,25379,5813,8.768,27.56,9,train
4231,E01004511,26585,1389,8.087,36.202,9,train
4232,E01004512,27079,7129,12.491,30.881,9,train
4233,E01004513,16825,5811,18.296,25.487,9,train
4234,E01004514,24997,2058,9.256,32.853,9,train
4235,E01004515,19678,7146,14.846,22.887,9,train
4236,E01004516,25437,2141,12.313,41.109,9,train
4237,E01004517,15359,4868,14.927,24.467,9,train
4238,E01004518,22219,4884,13.045,39.252,9,train
4239,E01004519,16818,7524,16.635,33.615,9,train
4240,E01004520,17675,6986,16.54,34.086,9,train
4241,E01004521,16355,4915,16.432,28.377,9,train
4242,E01004522,13597,3445,18.304,33.546,8,train
4243,E01004523,16424,4928,19.06,37.293,9,train
4244,E01004524,5080,10893,35.049,22.484,9,train
4245,E01004525,10712,2549,21.561,38.572,9,train
4246,E01004526,14377,6399,22.8,35.758,9,train
4247,E01004527,21144,4412,15.258,36.627,9,train
4248,E01004528,6892,11748,28.667,30.365,9,train
4249,E01004529,19588,5833,13.45,35.471,9,train
4250,E01004530,21062,6931,15.181,30.927,9,train
4251,E01004531,13616,4613,25.305,43.357,9,train
4252,E01004532,20862,9231,16.141,26.663,9,train
4253,E01004533,11931,4231,27.038,35.326,9,train
4254,E01004534,23241,784,13.523,41.62,9,train
4255,E01004535,3494,7635,37.698,23.307,9,train
4256,E01004536,12025,2403,23.52,55.448,9,train
4257,E01004537,8685,7573,33.441,27.221,9,train
4258,E01004538,16009,9465,25.102,26.219,9,train
4259,E01004539,8496,7099,34.145,26.808,9,train
4260,E01004540,14101,3522,26.388,34.216,9,train
4261,E01004541,5685,8652,38.578,24.865,9,train
4262,E01004542,30124,5176,6.98,27.103,9,train
4263,E01004543,28939,2945,7.903,28.847,9,train
4264,E01004544,29017,4264,12.086,32.832,9,train
4265,E01004545,27165,3800,10.551,40.603,9,train
4266,E01004546,29821,5714,6.62,23.953,9,train
4267,E01004547,20239,7811,20.336,23.142,9,train
4268,E01004548,19844,3941,17.492,36.402,9,train
4269,E01004549,19491,2527,19.334,30.185,9,train
4270,E01004550,20475,7871,13.202,20.351,9,train
4271,E01004551,17015,5855,17.486,44.859,9,train
4272,E01004552,23095,2307,10.655,36.854,9,train
4273,E01004553,26887,3370,11.274,27.781,9,train
4274,E01004554,26040,443,6.516,35.285,9,train
4275,E01004555,28039,995,4.844,34.083,9,train
4276,E01004556,28879,2162,4.709,32.98,9,train
4277,E01004557,28086,4417,8.329,32.23,9,train
4278,E01004558,28890,4287,5.821,23.738,9,train
4279,E01004559,29748,3139,7.589,34.493,9,train
4280,E01004560,19458,1267,17.433,53.31,9,train
4281,E01004563,9364,4348,30.537,72.509,9,train
4282,E01004564,15805,2091,18.491,32.062,9,train
4283,E01004565,14368,801,19.254,34.529,9,train
4284,E01004566,22328,439,11.738,40.904,9,train
4285,E01004567,8251,10570,31.614,18.798,9,train
4286,E01004568,9648,13145,23.695,18.56,5,test
4287,E01004569,6440,3835,24.659,23.832,5,test
4288,E01004570,5537,11563,33.572,16.594,5,test
4289,E01004571,7680,13298,24.607,23.852,5,test
4290,E01004572,14893,7430,22.976,21.583,5,test
4291,E01004573,10588,7498,27.314,36.312,5,test
4292,E01004574,5481,18247,34.899,15.623,5,test
4293,E01004575,10076,8822,29.395,26.946,5,test
4294,E01004576,8651,11848,26.61,20.089,5,test
4295,E01004577,23896,4637,14.287,42.729,9,train
4296,E01004579,21176,1974,18.872,43.297,9,train
4297,E01004580,19830,6077,18.717,38.607,9,train
4298,E01004581,21933,7135,15.428,35.66,9,train
4299,E01004582,29607,9995,9.047,34.612,9,train
4300,E01004583,22170,7876,12.262,29.071,9,train
4301,E01004584,8647,7750,32.114,22.898,9,train
4302,E01004585,22890,1820,10.139,34.928,9,train
4303,E01004586,25898,1068,10.15,41.035,9,train
4304,E01004587,26185,863,8.468,41.792,9,train
4305,E01004588,21304,780,12.896,45.709,9,train
4306,E01004589,26504,914,7.633,42.642,9,train
4307,E01004590,11447,3289,25.382,35.862,9,train
4308,E01004591,14249,5789,18.629,31.353,9,train
4309,E01004592,7786,635,25.647,36.317,9,train
4310,E01004593,27167,5158,8.54,24.414,9,train
4311,E01004594,31017,4516,5.248,33.326,9,train
4312,E01004595,28817,8370,8.241,29.988,9,train
4313,E01004596,30667,6438,6.139,36.42,9,train
4314,E01004597,26396,9176,11.97,26.817,9,train
4315,E01004598,31266,10624,8.252,36.164,9,train
4316,E01004599,32762,9529,3.568,25.511,9,train
4317,E01004601,19562,7294,19.4,33.847,9,train
4318,E01004602,27192,1634,9.577,45.217,5,test
4319,E01004604,27297,605,7.81,41.458,5,test
4320,E01004605,21490,2863,12.649,25.842,5,test
4321,E01004606,27638,1237,6.039,38.531,5,test
4322,E01004607,27858,1269,6.918,34.003,5,test
4323,E01004608,20782,2962,15.701,28.095,5,test
4324,E01004609,22900,2882,11.246,46.29,5,test
4325,E01004610,23957,7097,19.919,36.117,9,train
4326,E01004611,19886,2737,15.858,41.299,9,train
4327,E01004612,13678,1729,21.038,34.986,9,train
4328,E01004613,8861,2051,32.542,52.271,9,train
4329,E01004614,18230,6279,17.52,25.969,9,train
4330,E01004615,4750,7643,37.117,26.204,9,train
4331,E01004616,16416,3802,16.16,28.502,9,train
4332,E01004617,16324,5924,22.718,21.253,9,train
4333,E01004618,27804,4248,13.315,33.192,9,train
4334,E01004619,27663,2639,13.597,42.324,9,train
4335,E01004620,25201,5774,13.595,41.187,9,train
4336,E01004621,23867,3676,16.179,40.286,9,train
4337,E01004622,12463,6672,21.096,31.991,9,train
4338,E01004623,28153,8490,8.842,21.572,9,train
4339,E01004624,21922,10628,19.498,25.33,9,train
4340,E01004625,32416,7371,7.552,31.706,9,train
4341,E01004626,23443,13668,14.008,30.374,9,train
4342,E01004627,24819,2565,10.143,32.729,9,train
4343,E01004628,13952,12021,23.386,21.544,5,test
4344,E01004629,28322,8113,8.717,24.127,5,test
4345,E01004630,7095,14697,29.906,18.181,5,test
4346,E01004631,14338,11963,20.805,28.338,5,test
4347,E01004632,24743,7707,8.395,23.534,5,test
4348,E01004633,6784,15298,26.263,19.173,5,test
4349,E01004634,19268,12810,12.856,23.821,5,test
4350,E01004635,20046,13729,13.215,19.649,5,test
4351,E01004636,17499,16957,15.699,20.888,5,test
4352,E01004637,17284,16843,14.919,17.219,5,test
4353,E01004638,29021,3214,6.727,30.705,5,test
4354,E01004639,24611,3281,10.4,35.268,5,test
4355,E01004640,29178,3442,5.165,25.728,5,test
4356,E01004641,18255,3338,19.668,34.595,5,test
4357,E01004642,19006,12832,22.167,23.791,5,test
4358,E01004643,13727,13445,21.764,18.482,5,test
4359,E01004644,20373,13871,18.179,19.008,5,test
4360,E01004645,9302,15918,28.701,18.554,5,test
4361,E01004646,20436,1805,14.374,47.688,10,test
4362,E01004647,15228,2048,16.324,39.136,10,test
4363,E01004648,23070,2975,10.456,30.686,10,test
4364,E01004649,28323,3625,6.385,26.962,10,test
4365,E01004650,27933,3194,5.964,32.409,10,test
4366,E01004651,26140,3254,9.221,40.12,10,test
4367,E01004652,15289,2502,15.871,33.505,10,test
4368,E01004653,24203,2640,10.84,40.894,10,test
4369,E01004654,21325,2541,12.798,39.314,9,train
4370,E01004656,11404,1780,23.605,44.198,10,test
4371,E01004657,20579,310,11.499,50.447,10,test
4372,E01004658,14126,1584,15.648,40.935,10,test
4373,E01004659,20117,2103,7.589,30.629,10,test
4374,E01004660,24078,1008,8.583,39.256,10,test
4375,E01004661,16285,1313,20.233,52.05,10,test
4376,E01004662,18684,15,12.001,61.821,10,test
4377,E01004663,15482,399,17.986,40.493,10,test
4378,E01004665,2470,5987,36.498,26.967,9,train
4379,E01004668,8842,1945,18.423,35.177,9,train
4380,E01004669,5728,2558,30.923,35.671,9,train
4381,E01004670,2194,9607,48.003,23.928,10,test
4382,E01004674,4914,6799,34.303,31.277,10,test
4383,E01004675,4318,7246,33.045,32.767,10,test
4384,E01004676,10450,4152,21.229,29.282,10,test
4385,E01004677,8656,7844,22.942,30.175,10,test
4386,E01004678,8683,5028,24.677,31.431,10,test
4387,E01004679,3738,6566,32.133,44.142,10,test
4388,E01004680,22098,437,11.027,44.367,9,train
4389,E01004681,22442,2394,12.054,45.063,10,test
4390,E01004682,11815,549,14.246,47.705,9,train
4391,E01004683,23718,430,8.566,37.698,9,train
4392,E01004684,11632,2144,21.313,46.891,10,test
4393,E01004686,6388,1608,23.844,51.444,10,test
4394,E01004687,26945,792,6.967,38.612,9,train
4395,E01004690,24755,441,5.445,36.369,9,train
4396,E01004691,25385,672,10.967,59.133,9,train
4397,E01004692,25711,1232,6.602,37.317,9,train
4398,E01004693,21484,598,12.614,47.548,9,train
4399,E01004694,18171,715,8.45,36.628,9,train
4400,E01004695,13076,747,12.739,36.709,9,train
4401,E01004696,5121,3552,32.394,35.34,10,test
4402,E01004697,17671,2613,16.233,44.723,9,train
4403,E01004698,10461,2509,19.958,38.327,9,train
4404,E01004699,16537,2681,14.726,51.443,9,train
4405,E01004700,16988,1099,11.301,40.504,9,train
4406,E01004701,23604,2650,9.41,44.905,10,test
4407,E01004702,3233,3681,42.113,37.474,10,test
4408,E01004703,22915,1723,10.512,38.993,10,test
4409,E01004705,26415,2939,5.344,33.803,10,test
4410,E01004706,27008,4971,7.391,27.727,10,test
4411,E01004707,28257,2517,3.915,26.515,10,test
4412,E01004708,11850,5648,22.865,45.923,10,test
4413,E01004709,11727,3299,20.127,30.62,10,test
4414,E01004710,8049,9130,31.131,33.88,10,test
4415,E01004711,7370,8295,24.274,27.529,10,test
4416,E01004712,21777,1208,11.061,50.201,10,test
4417,E01004713,27616,567,7.513,49.819,10,test
4418,E01004714,26473,1719,10.268,57.811,10,test
4419,E01004715,16737,2646,15.84,37.274,10,test
4420,E01004716,28688,1662,7.362,45.614,10,test
4421,E01004717,23488,734,12.041,69.231,10,test
4422,E01004718,7118,6958,29.795,40.099,6,train
4423,E01004719,6503,7512,28.56,42.808,6,train
4424,E01004720,8101,4222,32.043,42.833,6,train
4425,E01004721,2920,5113,38.504,31.75,6,train
4426,E01004722,4945,13653,35.96,25.341,6,train
4427,E01004723,5797,7052,29.307,33.89,6,train
4428,E01004724,22690,3856,10.86,29.831,10,test
4429,E01004725,10091,6025,27.158,39.103,10,test
4430,E01004726,24626,2477,9.4,46.394,10,test
4431,E01004727,25313,2611,10.116,47.97,10,test
4432,E01004728,18395,3569,14.858,35.939,10,test
4433,E01004729,7338,3882,25.605,34.973,10,test
4434,E01004730,27088,4501,6.582,31.228,10,test
4435,E01004731,28289,4737,10.008,54.183,9,train
4436,E01004732,1338,6442,43.66,26.1,9,train
4437,E01004733,21213,5014,18.171,55.552,9,train
4438,E01004734,9191,1622,30.2,50.109,9,train
4439,E01004735,13237,854,35.28,45.73,9,train
4440,E01004736,24593,851,9.719,54.538,9,train
4441,E01004737,11016,4647,20.233,34.673,9,train
4442,E01004740,4731,5220,33.582,30.485,9,train
4443,E01004741,9285,1480,20.616,38.574,9,train
4444,E01004742,16599,2143,11.205,40.069,9,train
4445,E01004743,13343,5664,20.842,36.467,9,train
4446,E01004744,9244,3924,25.478,33.836,9,train
4447,E01004746,5551,8257,27.661,43.753,9,train
4448,E01004747,12909,5846,22.157,36.915,9,train
4449,E01004748,20241,898,8.835,42.013,9,train
4450,E01004749,14408,1684,13.225,44.938,9,train
4451,E01004750,10871,2990,18.907,39.153,9,train
4452,E01004751,18920,1147,10.367,37.824,9,train
4453,E01004752,6499,1517,22.513,39.673,9,train
4454,E01004753,14915,1555,16.395,39.317,9,train
4455,E01004754,3834,5615,45.911,34.614,10,test
4456,E01004755,8862,7079,28.633,32.999,10,test
4457,E01004756,6990,4734,22.8,29.712,10,test
4458,E01004757,3320,4375,40.501,39.957,10,test
4459,E01004760,12896,5441,24.998,32.017,10,test
4460,E01004761,20936,343,8.467,44.092,9,train
4461,E01004762,19310,839,10.467,46.923,9,train
4462,E01004763,11944,1442,23.381,79.648,10,test
4463,E01004765,16070,902,18.728,51.2,10,test
4464,E01032512,1388,4899,43.654,37.02,10,test
4465,E01032513,3515,5807,35.818,34.776,10,test
4466,E01032562,8015,15304,32.456,26.173,13,train
4467,E01032563,28895,9957,8.916,19.964,13,train
4468,E01032564,4231,11904,40.061,32.355,13,train
4469,E01032565,6425,17440,37.246,33.946,13,train
4470,E01032566,8084,11253,25.162,22.419,17,train
4471,E01032567,13756,9657,18.752,28.363,17,train
4472,E01032568,9480,8308,25.535,23.533,12,test
4473,E01032569,3446,14686,45.186,19.952,12,test
4474,E01032572,19441,6398,16.309,25.925,5,test
4475,E01032573,21168,1571,11.533,37.707,5,test
4476,E01032574,4905,4725,31.481,29.495,11,train
4477,E01032575,2924,11924,37.628,27.592,10,test
4478,E01032576,26519,24240,7.437,18.095,2,train
4479,E01032577,24073,18675,10.313,20.436,2,train
4480,E01032579,9049,7344,36.046,28.193,13,train
4481,E01032580,5925,9694,34.123,24.616,18,train
4482,E01032581,8405,14682,27.56,26.36,18,train
4483,E01032582,17105,8208,29.583,91.602,9,train
4484,E01032583,12242,5432,30.177,43.806,9,train
4485,E01032584,11078,4427,28.127,39.894,9,train
4486,E01032623,33311,20267,2.751,8.84,8,train
4487,E01032637,29531,10791,10.025,47.125,9,train
4488,E01032638,32137,16512,5.629,29.849,9,train
4489,E01032639,17423,6940,22.737,55.663,9,train
4490,E01032640,27956,4827,9.755,56.668,9,train
4491,E01032646,23940,6090,13.999,36.295,9,train
4492,E01032719,11887,7214,26.037,43.011,9,train
4493,E01032739,25325,2191,13.584,49.165,9,train
4494,E01032740,25966,1727,15.841,68.585,10,test
4495,E01032741,12673,9952,18.737,36.523,18,train
4496,E01032742,13421,14432,18.479,16.807,18,train
4497,E01032743,6361,29102,27.393,18.744,2,train
4498,E01032744,4412,7370,33.801,27.336,2,train
4499,E01032764,10087,8896,22.225,30.682,14,train
4500,E01032765,9230,11617,28.215,22.205,14,train
4501,E01032767,24634,6447,11.859,46.728,9,train
4502,E01032768,24781,9455,12.944,43.494,13,train
4503,E01032769,12385,7546,17.995,36.588,13,train
4504,E01032770,22407,30674,16.648,21.83,13,train
4505,E01032771,23423,7167,13.182,19.383,13,train
4506,E01032772,14470,21210,23.845,30.05,13,train
4507,E01032774,11368,22463,30.236,23.299,13,train
4508,E01032775,28567,23178,9.375,26.259,13,train
4509,E01032776,23371,11010,9.775,32.528,13,train
4510,E01032777,11237,10491,18.527,21.429,13,train
4511,E01032779,18498,12973,17.288,53.514,13,train
4512,E01032780,15484,3345,16.174,63.287,13,train
4513,E01032781,22837,13963,12.666,30.821,13,train
4514,E01032782,13155,6967,19.565,40.599,13,train
4515,E01032783,11209,13678,17.654,24.037,13,train
4516,E01032784,18839,13730,22.78,28.936,14,train
4517,E01032785,15748,15248,20.779,49.045,14,train
4518,E01032786,5982,8459,26.705,25.914,14,train
4519,E01032787,4277,3920,34.191,24.545,14,train
4520,E01032788,17138,8965,26.761,30.831,9,train
4521,E01032789,20986,14967,17.108,61.169,9,train
4522,E01032790,18060,16572,17.986,46.437,9,train
4523,E01032803,20895,12141,16.067,39.922,9,train
4524,E01032834,28175,5905,9.09,47.629,9,train
4525,E01033000,4674,15300,36.05,22.204,1,train
4526,E01033030,15171,13740,18.378,49.77,1,train
4527,E01033081,12233,11784,24.31,18.281,5,test
4528,E01033082,9651,7402,25.28,24.909,5,test
4529,E01033083,7727,3493,19.67,56.136,1,train
4530,E01033084,4887,3107,26.359,33.275,1,train
4531,E01033086,2939,19224,41.863,21.286,10,test
4532,E01033098,27154,1524,17.461,65.322,9,train
4533,E01033099,21530,6878,21.195,42.077,9,train
4534,E01033100,13686,3525,27.088,47.933,9,train
4535,E01033132,20885,2879,29.475,69.609,9,train
4536,E01033133,24858,9713,12.781,39.122,9,train
4537,E01033135,30574,4878,5.652,33.487,9,train
4538,E01033146,2617,15662,37.571,23.112,15,train
4539,E01033148,7324,28570,35.962,14.88,15,train
4540,E01033150,4792,29908,26.753,23.27,15,train
4541,E01033151,2624,11893,39.664,22.706,15,train
4542,E01033208,20538,8956,18.819,76.757,9,train
4543,E01033320,13957,8509,21.872,38.222,13,train
4544,E01033322,15034,14793,22.616,51.493,13,train
4545,E01033324,8241,1312,32.623,52.934,13,train
4546,E01033325,25144,11502,19.826,84.098,13,train
4547,E01033327,10690,4800,33.686,62.106,13,train
4548,E01033341,6579,3640,31.554,45.103,13,train
4549,E01033455,576,946,42.066,52.255,6,train
4550,E01033456,2365,14258,52.88,28.421,6,train
4551,E01033457,10808,6408,20.23,32.916,6,train
4552,E01033463,18003,16561,13.579,21.222,6,train
4553,E01033485,2371,2025,33.913,36.72,6,train
4554,E01033486,5664,4606,37.609,37.266,10,test
4555,E01033487,24887,17822,10.732,26.485,10,test
4556,E01033488,11132,9637,32.982,32.548,10,test
4557,E01033489,24860,2414,12.468,39.666,10,test
4558,E01033490,16345,3512,19.576,55.092,10,test
4559,E01033491,9411,3779,29.14,49.984,10,test
4560,E01033493,31465,21027,11.735,36.041,10,test
4561,E01033494,21653,4382,16.599,41.603,10,test
4562,E01033569,24842,10603,9.148,25.235,4,train
4563,E01033570,26698,13156,15.262,38.235,5,test
4564,E01033571,17451,2369,13.495,25.684,5,test
4565,E01033579,20800,4684,21.114,48.107,14,train
4566,E01033580,24789,10504,8.919,14.778,13,train
4567,E01033581,5927,8753,34.941,22.362,13,train
4568,E01033582,23096,14622,14.606,23.947,13,train
4569,E01033584,6012,13348,41.55,22.833,14,train
4570,E01033586,12246,9513,34.463,53.968,14,train
4571,E01033587,7112,13942,35.019,43.024,14,train
4572,E01033589,7256,9515,15.334,37.383,14,train
4573,E01033590,11993,26736,16.588,15.045,18,train
4574,E01033591,7220,9012,30.489,34.678,14,train
4575,E01033592,14437,24754,17.13,15.356,18,train
4576,E01033593,14037,6725,26.944,77.565,10,test
4577,E01033594,6696,2793,29.28,47.995,10,test
4578,E01033597,5798,3724,26.867,50.211,9,train
4579,E01033598,2336,8247,52.17,35.503,10,test
4580,E01033599,6025,10533,30.568,43.708,9,train
4581,E01033601,8441,9025,32.17,34.641,10,test
4582,E01033602,1874,9569,40.99,38.246,10,test
4583,E01033603,3863,1504,38.062,40.802,10,test
4584,E01033604,2084,744,33.467,45.528,10,test
4585,E01033605,2826,6037,40.54,34.149,10,test
4586,E01033699,7293,2006,33.618,34.033,10,test
4587,E01033700,13658,7987,30.151,39.943,10,test
4588,E01033702,3344,15369,35.791,29.045,10,test
4589,E01033703,7375,6329,34.171,31.492,10,test
4590,E01033704,16831,7781,26.61,51.588,10,test
4591,E01033705,5704,13927,31.723,23.466,14,train
4592,E01033706,12934,2419,32.488,65.133,10,test
4593,E01033708,19894,1632,20.118,50.457,10,test
4594,E01033709,12376,6148,33.721,54.483,10,test
4595,E01033710,10782,18739,24.65,32.637,14,train
4596,E01033711,24173,3372,22.212,70.822,10,test
4597,E01033712,8522,3416,33.44,47.87,10,test
4598,E01033713,10496,4052,34.988,37.975,10,test
4599,E01033727,15790,10523,19.531,25.584,13,train
4600,E01033728,28291,19238,9.263,21.762,13,train
4601,E01033729,8526,15687,25.081,16.041,13,train
4602,E01033732,11753,13741,25.75,25.923,13,train
4603,E01033734,19982,22085,15.647,20.727,13,train
4604,E01033735,5148,8011,27.791,41.662,13,train
4605,E01033736,32005,17768,10.5,17.532,13,train
4606,E01033737,8186,8028,33.761,19.154,13,train
4607,E01033738,15247,7393,22.299,50.302,13,train
4608,E01033739,11672,22276,19.084,10.334,13,train
4609,E01033740,11542,20248,20.316,13.261,13,train
4610,E01033741,13460,19430,19.599,11.235,13,train
4611,E01033742,20801,29251,13.105,12.514,13,train
4612,E01033743,11628,17814,20.968,11.922,17,train
4613,E01033744,8993,23499,29.363,14.174,13,train
4614,E01033745,11341,18501,22.101,14.836,17,train
4615,E01033746,18442,3071,21.824,45.728,13,train
4616,E01033784,18405,23276,,,18,train
4617,E01033785,21403,23074,,,18,train
4618,E01033786,15454,11850,,,18,train
4619,E01033787,15494,16446,,,18,train
4620,E01033788,19452,14329,,,18,train
4621,E01033789,18928,23289,,,17,train
4622,E01033790,8202,16139,,,17,train
4623,E01033791,6946,12712,,,17,train
4624,E01033792,21917,14412,,,17,train
4625,E01033862,22911,6492,,,9,train
4626,E01033863,6487,3415,,,9,train
4627,E01033864,7695,3417,,,9,train
4628,E01033865,22131,5974,,,9,train
4629,E01033866,28438,11414,,,9,train
4630,E01033867,16436,5370,,,9,train
4631,E01033868,23806,2751,,,9,train
4632,E01033869,13004,8901,,,9,train
4633,E01033870,19826,13014,,,9,train
4634,E01033871,9585,8507,,,9,train
4635,E01033872,13594,10319,,,9,train
4636,E01033873,8750,3583,,,9,train
4637,E01033874,18069,2186,,,9,train
4638,E01033875,13737,6614,,,9,train
4639,E01033876,19324,4109,,,9,train
4640,E01033877,11336,7544,,,9,train
4641,E01033878,6255,2934,,,9,train
4642,E01033879,6921,9781,,,9,train
4643,E01033880,10086,2845,,,9,train
4644,E01033881,5687,6371,,,9,train
4645,E01033882,7808,4719,,,9,train
4646,E01033883,8591,4002,,,9,train
4647,E01033884,23864,8007,,,9,train
4648,E01033885,11770,2665,,,9,train
4649,E01033911,25392,24074,,,7,train
4650,E01033912,24688,29104,,,7,train
4651,E01033913,6171,16462,,,6,train
4652,E01033914,7157,13085,,,6,train
4653,E01033915,10538,13503,,,6,train
4654,E01033916,5795,12430,,,6,train
4655,E01033917,21551,18695,,,6,train
4656,E01033918,23353,3502,,,6,train
4657,E01033919,26182,12964,,,6,train
4658,E01033920,26271,11382,,,6,train
4659,E01033921,15968,22550,,,6,train
4660,E01033922,12400,17517,,,6,train
4661,E01033923,9066,15043,,,6,train
4662,E01033924,5037,8624,,,6,train
4663,E01033925,16264,10505,,,6,train
4664,E01033926,4840,11970,,,15,train
4665,E01033927,11740,8829,,,11,train
4666,E01033928,14936,11586,,,11,train
4667,E01033929,15576,11569,,,6,train
4668,E01033930,9936,14576,,,6,train
4669,E01033931,7159,12620,,,6,train
4670,E01033932,5207,17074,,,6,train
4671,E01033933,1888,14159,,,6,train
4672,E01033934,2019,7184,,,6,train
4673,E01033935,5605,5381,,,6,train
4674,E01033936,10243,15628,,,6,train
4675,E01033937,5472,9909,,,6,train
4676,E01033938,6199,10908,,,6,train
4677,E01033939,10866,17914,,,6,train
4678,E01033940,26071,12148,,,6,train
4679,E01033941,10880,15469,,,6,train
4680,E01033942,15926,14825,,,6,train
4681,E01033943,15812,13615,,,10,test
4682,E01033944,9831,6739,,,10,test
4683,E01033945,11952,17869,,,10,test
4684,E01033946,19462,13167,,,10,test
4685,E01034026,19264,3511,,,6,train
4686,E01034027,6549,10666,,,6,train
4687,E01034028,7582,5500,,,5,test
4688,E01034029,11575,10116,,,5,test
4689,E01034030,11049,6114,,,5,test
4690,E01034031,22182,7193,,,5,test
4691,E01034032,9865,3279,,,5,test
4692,E01034033,21796,14843,,,5,test
4693,E01034034,19457,13064,,,5,test
4694,E01034035,20277,1125,,,5,test
4695,E01034036,7457,6498,,,5,test
4696,E01034037,15071,7833,,,5,test
4697,E01034038,7904,11022,,,1,train
4698,E01034039,7964,8658,,,1,train
4699,E01034040,8044,6774,,,1,train
4700,E01034041,9993,3812,,,1,train
4701,E01034042,9860,4113,,,5,test
4702,E01034043,11465,14000,,,5,test
4703,E01034044,20727,11500,,,5,test
4704,E01034045,17075,13362,,,5,test
4705,E01034046,4670,12695,,,5,test
4706,E01034139,7474,6861,,,8,train
4707,E01034140,11303,12280,,,8,train
4708,E01034141,19073,15280,,,8,train
4709,E01034142,8880,10639,,,8,train
4710,E01034143,9731,8832,,,8,train
4711,E01034144,11319,12799,,,8,train
4712,E01034145,3475,9134,,,8,train
4713,E01034146,15675,16074,,,8,train
4714,E01034147,27356,11105,,,8,train
4715,E01034148,13942,11817,,,8,train
4716,E01034149,9580,5616,,,8,train
4717,E01034150,3093,1958,,,8,train
4718,E01034151,15035,5167,,,8,train
4719,E01034152,6724,5901,,,8,train
4720,E01034153,17209,11646,,,8,train
4721,E01034154,24563,17937,,,8,train
4722,E01034155,12792,14434,,,8,train
4723,E01034156,10865,12778,,,8,train
4724,E01034173,4708,13820,,,13,train
4725,E01034174,23191,12806,,,13,train
4726,E01034175,21617,12235,,,13,train
4727,E01034176,12656,13964,,,13,train
4728,E01034177,15054,19411,,,13,train
4729,E01034178,23115,20110,,,13,train
4730,E01034179,11851,11480,,,13,train
4731,E01034180,5491,12170,,,13,train
4732,E01034181,26895,13406,,,13,train
4733,E01034182,15018,12101,,,13,train
4734,E01034183,21400,10702,,,13,train
4735,E01034184,19799,11472,,,13,train
4736,E01034185,15652,5841,,,13,train
4737,E01034186,26502,10599,,,13,train
4738,E01034187,10589,11991,,,13,train
4739,E01034188,18871,12857,,,13,train
4740,E01034189,21310,11155,,,13,train
4741,E01034190,7241,7589,,,13,train
4742,E01034191,24070,28592,,,13,train
4743,E01034192,13491,9297,,,13,train
4744,E01034193,18588,27406,,,13,train
4745,E01034194,26022,26935,,,13,train
4746,E01034195,16868,24825,,,13,train
4747,E01034196,22793,25796,,,13,train
4748,E01034198,11354,13821,,,13,train
4749,E01034199,5083,13853,,,14,train
4750,E01034200,10735,8093,,,14,train
4751,E01034201,6323,15418,,,14,train
4752,E01034202,9308,5159,,,14,train
4753,E01034203,15486,9686,,,14,train
4754,E01034204,5519,3382,,,14,train
4755,E01034205,10072,15082,,,14,train
4756,E01034206,11229,9676,,,14,train
4757,E01034207,20458,10742,,,13,train
4758,E01034208,3729,13645,,,14,train
4759,E01034209,16272,3781,,,14,train
4760,E01034210,19698,12535,,,13,train
4761,E01034211,16250,6038,,,13,train
4762,E01034212,24623,8852,,,13,train
4763,E01034213,19318,10061,,,14,train
4764,E01034214,24471,19336,,,14,train
4765,E01034215,17929,14540,,,14,train
4766,E01034216,22174,15888,,,14,train
4767,E01034217,21894,6901,,,14,train
4768,E01034218,7773,9939,,,14,train
4769,E01034219,19339,7349,,,14,train
4770,E01034220,12553,7949,,,14,train
4771,E01034221,12802,11571,,,14,train
4772,E01034222,8810,5917,,,14,train
4773,E01034223,16876,9993,,,14,train
4774,E01034224,6043,8314,,,13,train
4775,E01034225,11179,9387,,,13,train
4776,E01034226,23876,23903,,,13,train
4777,E01034227,19478,5228,,,13,train
4778,E01034228,30789,12247,,,13,train
4779,E01034229,17408,9038,,,13,train
4780,E01034230,30440,16465,,,13,train
4781,E01034231,31558,18148,,,13,train
4782,E01034383,9529,5979,,,9,train
4783,E01034384,20417,14208,,,8,train
4784,E01034385,22303,9237,,,12,test
4785,E01034386,17179,17856,,,12,test
4786,E01034387,27854,22126,,,13,train
4787,E01034388,25812,20017,,,13,train
4788,E01034389,12298,11209,,,13,train
4789,E01034390,12726,4368,,,13,train
4790,E01034391,15472,4600,,,13,train
4791,E01034392,13069,8095,,,13,train
4792,E01034393,19415,10220,,,13,train
4793,E01034394,20926,9066,,,13,train
4794,E01034395,12686,10931,,,13,train
4795,E01034469,16421,26909,,,18,train
4796,E01034470,12346,17469,,,18,train
4797,E01034471,9814,16191,,,18,train
4798,E01034472,9633,20945,,,18,train
4799,E01034473,2665,7261,,,14,train
4800,E01034474,9400,10528,,,14,train
4801,E01034475,7252,9411,,,14,train
4802,E01034476,10472,24117,,,18,train
4803,E01034477,8820,29249,,,18,train
4804,E01034478,20260,21081,,,18,train
4805,E01034479,4396,13010,,,14,train
4806,E01034480,10663,23051,,,14,train
4807,E01034481,10453,10239,,,14,train
4808,E01034482,19866,6854,,,14,train
4809,E01034483,8280,1776,,,14,train
4810,E01034484,5618,2623,,,14,train
4811,E01034485,16651,2390,,,14,train
4812,E01034486,22460,8598,,,14,train
4813,E01034487,7730,13096,,,14,train
4814,E01034488,4271,15807,,,14,train
4815,E01034576,27355,17190,,,4,train
4816,E01034577,21182,16476,,,4,train
4817,E01034578,14140,6787,,,9,train
4818,E01034579,22542,11486,,,9,train
4819,E01034580,25023,13047,,,8,train
4820,E01034581,27320,13823,,,8,train
4821,E01034589,17184,13435,,,6,train
4822,E01034590,20757,19673,,,6,train
4823,E01034591,7392,7280,,,6,train
4824,E01034592,9681,9739,,,6,train
4825,E01034593,21550,12364,,,2,train
4826,E01034594,27530,23162,,,6,train
4827,E01034595,13590,11825,,,6,train
4828,E01034596,23700,24633,,,6,train
4829,E01034597,15082,13141,,,6,train
4830,E01034598,23212,11814,,,6,train
4831,E01034599,12450,10807,,,2,train
4832,E01034600,9912,15639,,,6,train
4833,E01034601,15141,11132,,,2,train
4834,E01034602,13613,10199,,,2,train
4835,E01034603,31165,19330,,,2,train
4836,E01034604,14818,10119,,,2,train
4837,E01034605,18892,21114,,,2,train
4838,E01034606,25388,13450,,,2,train
4839,E01034607,12875,11751,,,2,train
4840,E01034608,10217,15195,,,1,train
4841,E01034609,8277,15964,,,1,train
4842,E01034610,10156,17566,,,1,train
4843,E01034611,8352,18485,,,1,train
4844,E01034612,10660,7388,,,1,train
4845,E01034613,16330,5060,,,1,train
4846,E01034614,9964,24416,,,1,train
4847,E01034615,9884,17129,,,1,train
4848,E01034616,8869,10949,,,1,train
4849,E01034617,9077,8279,,,1,train
4850,E01035484,13771,5341,,,6,train
4851,E01035485,6511,6519,,,5,test
4852,E01035486,22237,9950,,,9,train
4853,E01035487,14227,9629,,,9,train
4854,E01035488,27999,5283,,,9,train
4855,E01035489,27820,8311,,,9,train
4856,E01035490,29407,6412,,,9,train
4857,E01035491,27837,8160,,,9,train
4858,E01035492,24278,9638,,,9,train
4859,E01035493,17070,2684,,,9,train
4860,E01035494,25299,8747,,,9,train
4861,E01035495,3382,10798,,,9,train
4862,E01035496,26549,2989,,,9,train
4863,E01035497,21567,11938,,,9,train
4864,E01035498,26897,5942,,,9,train
4865,E01035499,10201,11635,,,9,train
4866,E01035638,12004,11232,,,10,test
4867,E01035639,14034,7791,,,10,test
4868,E01035640,8534,3458,,,10,test
4869,E01035641,10977,6650,,,10,test
4870,E01035642,18899,14853,,,10,test
4871,E01035643,14370,7703,,,10,test
4872,E01035644,24913,7788,,,10,test
4873,E01035645,7697,3259,,,10,test
4874,E01035646,16592,12468,,,10,test
4875,E01035647,32835,24194,,,10,test
4876,E01035648,8804,19307,,,10,test
4877,E01035649,12789,8350,,,10,test
4878,E01035650,7066,8620,,,10,test
4879,E01035651,9862,9259,,,10,test
4880,E01035652,8824,425,,,10,test
4881,E01035653,24874,11860,,,10,test
4882,E01035654,10748,13323,,,10,test
4883,E01035655,12832,2163,,,10,test
4884,E01035656,18529,11217,,,10,test
4885,E01035657,21154,8599,,,14,train
4886,E01035658,18944,12158,,,14,train
4887,E01035659,5444,8329,,,14,train
4888,E01035660,6552,4836,,,10,test
4889,E01035661,4254,7429,,,10,test
4890,E01035662,18643,39,,,14,train
4891,E01035663,11652,4672,,,14,train
4892,E01035664,7520,2619,,,10,test
4893,E01035665,13786,6004,,,14,train
4894,E01035666,7261,11545,,,14,train
4895,E01035667,6218,10551,,,14,train
4896,E01035668,6789,7697,,,10,test
4897,E01035669,8139,7639,,,10,test
4898,E01035670,10488,5661,,,14,train
4899,E01035671,14041,11069,,,14,train
4900,E01035672,3864,12662,,,14,train
4901,E01035673,8317,14567,,,14,train
4902,E01035674,12106,11773,,,14,train
4903,E01035675,7380,6842,,,14,train
4904,E01035676,4486,7509,,,14,train
4905,E01035677,6502,11469,,,14,train
4906,E01035678,10371,11466,,,14,train
4907,E01035679,10379,10552,,,14,train
4908,E01035680,12842,15546,,,14,train
4909,E01035681,4054,11440,,,14,train
4910,E01035682,4078,7991,,,14,train
4911,E01035683,4740,13656,,,14,train
4912,E01035684,4819,14152,,,14,train
4913,E01035685,2316,12330,,,14,train
4914,E01035686,7069,3478,,,10,test
4915,E01035687,13212,6171,,,10,test
4916,E01035688,22298,6545,,,10,test
4917,E01035689,15817,8332,,,10,test
4918,E01035690,17643,12327,,,14,train
4919,E01035691,20009,10585,,,13,train
4920,E01035692,9604,22015,,,14,train
4921,E01035693,11538,14541,,,14,train
4922,E01035694,3134,7662,,,13,train
4923,E01035695,3752,7465,,,13,train
4924,E01035696,20477,6795,,,9,train
4925,E01035697,13182,6110,,,9,train
4926,E01035698,20635,27694,,,13,train
4927,E01035699,15191,30942,,,13,train
4928,E01035700,29917,16670,,,14,train
4929,E01035701,28613,14834,,,14,train
4930,E01035702,8064,5798,,,13,train
4931,E01035703,28566,25098,,,13,train
4932,E01035704,13639,16332,,,13,train
4933,E01035705,5908,13552,,,13,train
4934,E01035706,20877,10799,,,13,train
4935,E01035707,14354,1057,,,10,test
4936,E01035708,12748,9631,,,10,test
4937,E01035709,4238,4919,,,10,test
4938,E01035710,7508,6185,,,10,test
4939,E01035711,12414,952,,,10,test
4940,E01035712,11091,1935,,,10,test
4941,E01035713,23218,66,,,9,train
4942,E01035714,25416,860,,,9,train
4943,E01035715,20509,2482,,,10,test
4944,E01035716,13000,899,,,9,train
4945,E01035717,11956,1891,,,10,test
4946,E01035718,24418,943,,,9,train
4947,E01035719,24783,3548,,,9,train
4948,E01035720,19208,3264,,,9,train
4949,E01035721,10352,4379,,,9,train
4950,E01035722,25766,3300,,,9,train
